YEAR,SN,PRECIPITATION,TEMPERATURE,IRI,INITIAL_IRI,STATION_ID,AGE,ACCUMULATED_AADTT
1995,4.5,1249.900024,17.60000038,0.657200003,0.657200003,1_0101,2,775
1996,4.5,1314.5,16.79999924,0.681200004,0.657200003,1_0101,3,1573
1997,4.5,1550.300049,17,0.694799995,0.657200003,1_0101,4,2395
1998,4.5,1221.900024,18.5,0.738249993,0.657200003,1_0101,5,3242
1999,4.5,1144.800049,17.89999962,0.713600004,0.657200003,1_0101,6,4114
2000,4.5,1117.400024,17.39999962,0.7283,0.657200003,1_0101,7,5013
2001,4.5,1193.400024,17.39999962,0.743000007,0.657200003,1_0101,8,5938
2002,4.5,1192.199951,17.70000076,0.705800009,0.657200003,1_0101,9,6891
2003,4.5,1684.099976,17,0.73160001,0.657200003,1_0101,10,7873
2004,4.5,1259.599976,17.5,0.775600004,0.657200003,1_0101,11,8884
2005,4.5,1583.900024,17.5,0.785799992,0.657200003,1_0101,12,9926
1994,3.400000095,1491,17.60000038,0.946800005,0.946800005,1_0102,1,753
1995,3.400000095,1249.900024,17.60000038,0.897399998,0.946800005,1_0102,2,1528
1996,3.400000095,1314.5,16.79999924,0.910400009,0.946800005,1_0102,3,2326
1997,3.400000095,1550.300049,17,0.920299995,0.946800005,1_0102,4,3148
1998,3.400000095,1221.900024,18.5,1.068300003,0.946800005,1_0102,5,3995
1999,3.400000095,1144.800049,17.89999962,1.185200024,0.946800005,1_0102,6,4867
2000,3.400000095,1117.400024,17.39999962,1.2791,0.946800005,1_0102,7,5766
2001,3.400000095,1193.400024,17.39999962,1.372999978,0.946800005,1_0102,8,6691
2002,3.400000095,1192.199951,17.70000076,1.707799983,0.946800005,1_0102,9,7644
2003,3.400000095,1684.099976,17,2.183399916,0.946800005,1_0102,10,8626
2004,3.400000095,1259.599976,17.5,2.967999983,0.946800005,1_0102,11,9637
2005,3.400000095,1583.900024,17.5,3.098599958,0.946800005,1_0102,12,10679
1996,4.099999905,1314.5,16.79999924,0.793600011,0.793600011,1_0103,3,798
1997,4.099999905,1550.300049,17,0.759600008,0.793600011,1_0103,4,1620
1998,4.099999905,1221.900024,18.5,0.797799993,0.793600011,1_0103,5,2467
1999,4.099999905,1144.800049,17.89999962,0.831199992,0.793600011,1_0103,6,3339
2000,4.099999905,1117.400024,17.39999962,0.8287,0.793600011,1_0103,7,4238
2001,4.099999905,1193.400024,17.39999962,0.826199996,0.793600011,1_0103,8,5163
2002,4.099999905,1192.199951,17.70000076,0.774599993,0.793600011,1_0103,9,6116
2003,4.099999905,1684.099976,17,0.804399991,0.793600011,1_0103,10,7098
2004,4.099999905,1259.599976,17.5,0.801200008,0.793600011,1_0103,11,8109
2005,4.099999905,1583.900024,17.5,0.834399998,0.793600011,1_0103,12,9151
1996,6.400000095,1314.5,16.79999924,0.593999994,0.593999994,1_0104,3,798
1997,6.400000095,1550.300049,17,0.643200004,0.593999994,1_0104,4,1620
1998,6.400000095,1221.900024,18.5,0.6551,0.593999994,1_0104,5,2467
1999,6.400000095,1144.800049,17.89999962,0.63160001,0.593999994,1_0104,6,3339
2000,6.400000095,1117.400024,17.39999962,0.6397,0.593999994,1_0104,7,4238
2001,6.400000095,1193.400024,17.39999962,0.647800004,0.593999994,1_0104,8,5163
2002,6.400000095,1192.199951,17.70000076,0.615799999,0.593999994,1_0104,9,6116
2003,6.400000095,1684.099976,17,0.659799993,0.593999994,1_0104,10,7098
2004,6.400000095,1259.599976,17.5,0.656200004,0.593999994,1_0104,11,8109
2005,6.400000095,1583.900024,17.5,0.683799994,0.593999994,1_0104,12,9151
1996,3.700000048,1314.5,16.79999924,0.614400017,0.614400017,1_0105,3,798
1997,3.700000048,1550.300049,17,0.642800009,0.614400017,1_0105,4,1620
1998,3.700000048,1221.900024,18.5,0.634200001,0.614400017,1_0105,5,2467
1999,3.700000048,1144.800049,17.89999962,0.64799999,0.614400017,1_0105,6,3339
2000,3.700000048,1117.400024,17.39999962,0.6426,0.614400017,1_0105,7,4238
2001,3.700000048,1193.400024,17.39999962,0.63720001,0.614400017,1_0105,8,5163
2002,3.700000048,1192.199951,17.70000076,0.619399989,0.614400017,1_0105,9,6116
2003,3.700000048,1684.099976,17,0.654599988,0.614400017,1_0105,10,7098
2004,3.700000048,1259.599976,17.5,0.683599997,0.614400017,1_0105,11,8109
2005,3.700000048,1583.900024,17.5,0.693999994,0.614400017,1_0105,12,9151
1994,6.800000191,1491,17.60000038,0.747000003,0.747000003,1_0106,1,753
1995,6.800000191,1249.900024,17.60000038,0.664500004,0.747000003,1_0106,2,1528
1996,6.800000191,1314.5,16.79999924,0.582000005,0.747000003,1_0106,3,2326
1997,6.800000191,1550.300049,17,0.61279999,0.747000003,1_0106,4,3148
1998,6.800000191,1221.900024,18.5,0.654400015,0.747000003,1_0106,5,3995
1999,6.800000191,1144.800049,17.89999962,0.695200014,0.747000003,1_0106,6,4867
2000,6.800000191,1117.400024,17.39999962,0.692100012,0.747000003,1_0106,7,5766
2001,6.800000191,1193.400024,17.39999962,0.68900001,0.747000003,1_0106,8,6691
2002,6.800000191,1192.199951,17.70000076,0.659800005,0.747000003,1_0106,9,7644
2003,6.800000191,1684.099976,17,0.732599986,0.747000003,1_0106,10,8626
2004,6.800000191,1259.599976,17.5,0.742799997,0.747000003,1_0106,11,9637
2005,6.800000191,1583.900024,17.5,0.763600004,0.747000003,1_0106,12,10679
1994,3.799999952,1491,17.60000038,0.811599994,0.811599994,1_0107,1,753
1995,3.799999952,1249.900024,17.60000038,0.733999991,0.811599994,1_0107,2,1528
1996,3.799999952,1314.5,16.79999924,0.656399989,0.811599994,1_0107,3,2326
1997,3.799999952,1550.300049,17,0.627600002,0.811599994,1_0107,4,3148
1998,3.799999952,1221.900024,18.5,0.666400003,0.811599994,1_0107,5,3995
1999,3.799999952,1144.800049,17.89999962,0.756800008,0.811599994,1_0107,6,4867
2000,3.799999952,1117.400024,17.39999962,0.859800005,0.811599994,1_0107,7,5766
2001,3.799999952,1193.400024,17.39999962,0.962800002,0.811599994,1_0107,8,6691
1994,5.699999809,1491,17.60000038,0.875,0.875,1_0108,1,753
1995,5.699999809,1249.900024,17.60000038,0.817499995,0.875,1_0108,2,1528
1996,5.699999809,1314.5,16.79999924,0.75999999,0.875,1_0108,3,2326
1997,5.699999809,1550.300049,17,0.743000007,0.875,1_0108,4,3148
1998,5.699999809,1221.900024,18.5,0.765300006,0.875,1_0108,5,3995
1999,5.699999809,1144.800049,17.89999962,0.731599987,0.875,1_0108,6,4867
2000,5.699999809,1117.400024,17.39999962,0.737399989,0.875,1_0108,7,5766
2001,5.699999809,1193.400024,17.39999962,0.743199992,0.875,1_0108,8,6691
2002,5.699999809,1192.199951,17.70000076,0.75,0.875,1_0108,9,7644
2003,5.699999809,1684.099976,17,0.731399989,0.875,1_0108,10,8626
2004,5.699999809,1259.599976,17.5,0.762800014,0.875,1_0108,11,9637
2005,5.699999809,1583.900024,17.5,0.793199992,0.875,1_0108,12,10679
1996,6,1314.5,16.79999924,0.731599998,0.731599998,1_0109,3,798
1997,6,1550.300049,17,0.709200013,0.731599998,1_0109,4,1620
1998,6,1221.900024,18.5,0.679200006,0.731599998,1_0109,5,2467
1999,6,1144.800049,17.89999962,0.744000006,0.731599998,1_0109,6,3339
2000,6,1117.400024,17.39999962,0.747000003,0.731599998,1_0109,7,4238
2001,6,1193.400024,17.39999962,0.75,0.731599998,1_0109,8,5163
2002,6,1192.199951,17.70000076,0.754199994,0.731599998,1_0109,9,6116
2003,6,1684.099976,17,0.720800018,0.731599998,1_0109,10,7098
2004,6,1259.599976,17.5,0.758800006,0.731599998,1_0109,11,8109
2005,6,1583.900024,17.5,0.774599993,0.731599998,1_0109,12,9151
1996,5.599999905,1314.5,16.79999924,0.686799991,0.686799991,1_0110,3,798
1997,5.599999905,1550.300049,17,0.679999995,0.686799991,1_0110,4,1620
1998,5.599999905,1221.900024,18.5,0.758800006,0.686799991,1_0110,5,2467
1999,5.599999905,1144.800049,17.89999962,0.686600006,0.686799991,1_0110,6,3339
2000,5.599999905,1117.400024,17.39999962,0.687800008,0.686799991,1_0110,7,4238
2001,5.599999905,1193.400024,17.39999962,0.68900001,0.686799991,1_0110,8,5163
2002,5.599999905,1192.199951,17.70000076,0.682200003,0.686799991,1_0110,9,6116
2003,5.599999905,1684.099976,17,0.671999991,0.686799991,1_0110,10,7098
2004,5.599999905,1259.599976,17.5,0.693200004,0.686799991,1_0110,11,8109
2005,5.599999905,1583.900024,17.5,0.739600015,0.686799991,1_0110,12,9151
1996,5.099999905,1314.5,16.79999924,0.568199992,0.568199992,1_0111,3,798
1997,5.099999905,1550.300049,17,0.565400004,0.568199992,1_0111,4,1620
1998,5.099999905,1221.900024,18.5,0.569800007,0.568199992,1_0111,5,2467
1999,5.099999905,1144.800049,17.89999962,0.586399996,0.568199992,1_0111,6,3339
2000,5.099999905,1117.400024,17.39999962,0.590600002,0.568199992,1_0111,7,4238
2001,5.099999905,1193.400024,17.39999962,0.594800007,0.568199992,1_0111,8,5163
2002,5.099999905,1192.199951,17.70000076,0.584399998,0.568199992,1_0111,9,6116
2003,5.099999905,1684.099976,17,0.598000002,0.568199992,1_0111,10,7098
2004,5.099999905,1259.599976,17.5,0.613300002,0.568199992,1_0111,11,8109
2005,5.099999905,1583.900024,17.5,0.628600001,0.568199992,1_0111,12,9151
1994,6.199999809,1491,17.60000038,0.805199993,0.805199993,1_0112,1,753
1995,6.199999809,1249.900024,17.60000038,0.738499999,0.805199993,1_0112,2,1528
1996,6.199999809,1314.5,16.79999924,0.671800005,0.805199993,1_0112,3,2326
1997,6.199999809,1550.300049,17,0.674400008,0.805199993,1_0112,4,3148
1998,6.199999809,1221.900024,18.5,0.724599993,0.805199993,1_0112,5,3995
1999,6.199999809,1144.800049,17.89999962,0.693200004,0.805199993,1_0112,6,4867
2000,6.199999809,1117.400024,17.39999962,0.711500001,0.805199993,1_0112,7,5766
2001,6.199999809,1193.400024,17.39999962,0.729799998,0.805199993,1_0112,8,6691
2002,6.199999809,1192.199951,17.70000076,0.701399994,0.805199993,1_0112,9,7644
2003,6.199999809,1684.099976,17,0.728799999,0.805199993,1_0112,10,8626
2004,6.199999809,1259.599976,17.5,0.736200011,0.805199993,1_0112,11,9637
2005,6.199999809,1583.900024,17.5,0.7648,0.805199993,1_0112,12,10679
1996,4.5,1314.5,16.79999924,0.661799991,0.661799991,1_0161,3,798
1997,4.5,1550.300049,17,0.664600015,0.661799991,1_0161,4,1620
1998,4.5,1221.900024,18.5,0.762199998,0.661799991,1_0161,5,2467
1999,4.5,1144.800049,17.89999962,0.719599986,0.661799991,1_0161,6,3339
2000,4.5,1117.400024,17.39999962,0.716799998,0.661799991,1_0161,7,4238
2001,4.5,1193.400024,17.39999962,0.71400001,0.661799991,1_0161,8,5163
2002,4.5,1192.199951,17.70000076,0.740400004,0.661799991,1_0161,9,6116
2003,4.5,1684.099976,17,0.748199999,0.661799991,1_0161,10,7098
2004,4.5,1259.599976,17.5,0.749399984,0.661799991,1_0161,11,8109
2005,4.5,1583.900024,17.5,0.7676,0.661799991,1_0161,12,9151
1994,4.699999809,1491,17.60000038,0.892600012,0.892600012,1_0162,1,753
1995,4.699999809,1249.900024,17.60000038,0.8042,0.892600012,1_0162,2,1528
1996,4.699999809,1314.5,16.79999924,0.715799987,0.892600012,1_0162,3,2326
1997,4.699999809,1550.300049,17,0.735000014,0.892600012,1_0162,4,3148
1998,4.699999809,1221.900024,18.5,0.775599992,0.892600012,1_0162,5,3995
1999,4.699999809,1144.800049,17.89999962,0.798600006,0.892600012,1_0162,6,4867
2000,4.699999809,1117.400024,17.39999962,0.799900001,0.892600012,1_0162,7,5766
2001,4.699999809,1193.400024,17.39999962,0.801199996,0.892600012,1_0162,8,6691
2002,4.699999809,1192.199951,17.70000076,0.788,0.892600012,1_0162,9,7644
2003,4.699999809,1684.099976,17,0.829400003,0.892600012,1_0162,10,8626
2004,4.699999809,1259.599976,17.5,0.867399991,0.892600012,1_0162,11,9637
2005,4.699999809,1583.900024,17.5,0.861400008,0.892600012,1_0162,12,10679
1993,5.900000095,1099.5,17.70000076,0.821399999,0.821399999,1_0163,0,731
1994,5.900000095,1491,17.60000038,0.807600001,0.821399999,1_0163,1,1484
1995,5.900000095,1249.900024,17.60000038,0.793800004,0.821399999,1_0163,2,2259
1996,5.900000095,1314.5,16.79999924,0.780000007,0.821399999,1_0163,3,3057
1997,5.900000095,1550.300049,17,0.782200003,0.821399999,1_0163,4,3879
1998,5.900000095,1221.900024,18.5,0.823399985,0.821399999,1_0163,5,4726
1999,5.900000095,1144.800049,17.89999962,0.842999995,0.821399999,1_0163,6,5598
2000,5.900000095,1117.400024,17.39999962,0.8486,0.821399999,1_0163,7,6497
2001,5.900000095,1193.400024,17.39999962,0.854200006,0.821399999,1_0163,8,7422
2002,5.900000095,1192.199951,17.70000076,0.837399995,0.821399999,1_0163,9,8375
2003,5.900000095,1684.099976,17,0.883599997,0.821399999,1_0163,10,9357
2004,5.900000095,1259.599976,17.5,0.876400006,0.821399999,1_0163,11,10368
2005,5.900000095,1583.900024,17.5,0.891600001,0.821399999,1_0163,12,11410
1991,3.099999905,1654.199951,19,1.036399984,1.036399984,1_0502,15,402
1992,3.099999905,1728.699951,18.10000038,0.774250001,1.036399984,1_0502,16,817
1993,3.099999905,1258.300049,18.20000076,0.814025,1.036399984,1_0502,17,1244
1994,3.099999905,1834.300049,18.39999962,0.853799999,1.036399984,1_0502,18,1485
1995,3.099999905,1464.599976,18.79999924,0.836599994,1.036399984,1_0502,19,1938
1996,3.099999905,1604.300049,18.10000038,0.819399989,1.036399984,1_0502,20,2405
1997,3.099999905,1635.800049,18.29999924,0.817733328,1.036399984,1_0502,21,2886
1998,3.099999905,1783.599976,19.29999924,0.816066666,1.036399984,1_0502,22,3381
1999,3.099999905,1118.5,18.60000038,0.814400005,1.036399984,1_0502,23,3891
2000,3.099999905,967.4000244,18.29999924,0.826100004,1.036399984,1_0502,24,4393
2001,3.099999905,1313.599976,18.70000076,0.837800002,1.036399984,1_0502,25,4905
2002,3.099999905,1376.800049,19.20000076,0.842199993,1.036399984,1_0502,26,5428
2003,3.099999905,1603.199951,18.79999924,0.887599993,1.036399984,1_0502,27,5961
2004,3.099999905,1568.199951,19,0.9546,1.036399984,1_0502,28,6504
2005,3.099999905,1630.099976,19.10000038,1.010599995,1.036399984,1_0502,29,7058
2006,3.099999905,1179,19.60000038,1.013999999,1.036399984,1_0502,30,7622
2007,3.099999905,1361.400024,19.5,1.061799997,1.036399984,1_0502,31,8197
2008,3.099999905,1432.900024,18.79999924,1.109599996,1.036399984,1_0502,32,8782
2009,3.099999905,1872.5,18.89999962,1.068799996,1.036399984,1_0502,33,9377
2010,3.099999905,1131.199951,18.5,1.107450002,1.036399984,1_0502,34,9983
2011,3.099999905,1056,19.29999924,1.146100008,1.036399984,1_0502,35,10599
2012,3.099999905,1341.300049,19.60000038,1.184750015,1.036399984,1_0502,36,11226
2013,3.099999905,1850.400024,19.10000038,1.223400021,1.036399984,1_0502,37,11863
2014,3.099999905,1419.5,18.5,1.360000014,1.036399984,1_0502,38,12510
2015,3.099999905,1679.300049,20.10000038,1.277999997,1.036399984,1_0502,39,13168
2016,3.099999905,1438.199951,20.20000076,1.283499992,1.036399984,1_0502,40,13836
2017,3.099999905,1629.800049,19.70000076,1.288999987,1.036399984,1_0502,41,14515
1991,3.400000095,1654.199951,19,0.990200007,0.990200007,1_0503,15,402
1992,3.400000095,1728.699951,18.10000038,0.826199985,0.990200007,1_0503,16,817
1993,3.400000095,1258.300049,18.20000076,0.847099996,0.990200007,1_0503,17,1244
1994,3.400000095,1834.300049,18.39999962,0.868000007,0.990200007,1_0503,18,1485
1995,3.400000095,1464.599976,18.79999924,0.866000003,0.990200007,1_0503,19,1938
1996,3.400000095,1604.300049,18.10000038,0.863999999,0.990200007,1_0503,20,2405
1997,3.400000095,1635.800049,18.29999924,0.847199996,0.990200007,1_0503,21,2886
1998,3.400000095,1783.599976,19.29999924,0.830399994,0.990200007,1_0503,22,3381
1999,3.400000095,1118.5,18.60000038,0.813599992,0.990200007,1_0503,23,3891
2000,3.400000095,967.4000244,18.29999924,0.797399998,0.990200007,1_0503,24,4393
2001,3.400000095,1313.599976,18.70000076,0.781200004,0.990200007,1_0503,25,4905
2002,3.400000095,1376.800049,19.20000076,0.94740001,0.990200007,1_0503,26,5428
2003,3.400000095,1603.199951,18.79999924,0.811800003,0.990200007,1_0503,27,5961
2004,3.400000095,1568.199951,19,0.849800003,0.990200007,1_0503,28,6504
2005,3.400000095,1630.099976,19.10000038,0.875200009,0.990200007,1_0503,29,7058
2006,3.400000095,1179,19.60000038,0.902800012,0.990200007,1_0503,30,7622
2007,3.400000095,1361.400024,19.5,0.986800009,0.990200007,1_0503,31,8197
2008,3.400000095,1432.900024,18.79999924,1.070800006,0.990200007,1_0503,32,8782
2009,3.400000095,1872.5,18.89999962,1.02900002,0.990200007,1_0503,33,9377
2010,3.400000095,1131.199951,18.5,1.058800018,0.990200007,1_0503,34,9983
2011,3.400000095,1056,19.29999924,1.088600016,0.990200007,1_0503,35,10599
2012,3.400000095,1341.300049,19.60000038,1.118400013,0.990200007,1_0503,36,11226
2013,3.400000095,1850.400024,19.10000038,1.148200011,0.990200007,1_0503,37,11863
2014,3.400000095,1419.5,18.5,1.171999979,0.990200007,1_0503,38,12510
2015,3.400000095,1679.300049,20.10000038,1.2602,0.990200007,1_0503,39,13168
2016,3.400000095,1438.199951,20.20000076,1.297900009,0.990200007,1_0503,40,13836
2017,3.400000095,1629.800049,19.70000076,1.335600019,0.990200007,1_0503,41,14515
1991,4,1654.199951,19,1.030599999,1.030599999,1_0504,15,402
1992,4,1728.699951,18.10000038,0.848399997,1.030599999,1_0504,16,817
1993,4,1258.300049,18.20000076,0.8829,1.030599999,1_0504,17,1244
1994,4,1834.300049,18.39999962,0.917400002,1.030599999,1_0504,18,1485
1995,4,1464.599976,18.79999924,0.922100002,1.030599999,1_0504,19,1938
1996,4,1604.300049,18.10000038,0.926800001,1.030599999,1_0504,20,2405
1997,4,1635.800049,18.29999924,0.915200003,1.030599999,1_0504,21,2886
1998,4,1783.599976,19.29999924,0.903600005,1.030599999,1_0504,22,3381
1999,4,1118.5,18.60000038,0.892000008,1.030599999,1_0504,23,3891
2000,4,967.4000244,18.29999924,0.887900007,1.030599999,1_0504,24,4393
2001,4,1313.599976,18.70000076,0.883800006,1.030599999,1_0504,25,4905
2002,4,1376.800049,19.20000076,0.777399993,1.030599999,1_0504,26,5428
2003,4,1603.199951,18.79999924,0.892799997,1.030599999,1_0504,27,5961
2004,4,1568.199951,19,0.89059999,1.030599999,1_0504,28,6504
2005,4,1630.099976,19.10000038,0.927600002,1.030599999,1_0504,29,7058
2006,4,1179,19.60000038,0.918799996,1.030599999,1_0504,30,7622
2007,4,1361.400024,19.5,1.019099998,1.030599999,1_0504,31,8197
2008,4,1432.900024,18.79999924,1.119400001,1.030599999,1_0504,32,8782
2009,4,1872.5,18.89999962,1.057000005,1.030599999,1_0504,33,9377
2010,4,1131.199951,18.5,1.036450005,1.030599999,1_0504,34,9983
2011,4,1056,19.29999924,1.015900004,1.030599999,1_0504,35,10599
2012,4,1341.300049,19.60000038,0.995350003,1.030599999,1_0504,36,11226
2013,4,1850.400024,19.10000038,0.974800003,1.030599999,1_0504,37,11863
2014,4,1419.5,18.5,0.973600006,1.030599999,1_0504,38,12510
2015,4,1679.300049,20.10000038,0.989600015,1.030599999,1_0504,39,13168
2016,4,1438.199951,20.20000076,0.9949,1.030599999,1_0504,40,13836
2017,4,1629.800049,19.70000076,1.000199986,1.030599999,1_0504,41,14515
1991,3.099999905,1654.199951,19,1.136999989,1.136999989,1_0505,15,402
1992,3.099999905,1728.699951,18.10000038,0.824600005,1.136999989,1_0505,16,817
1993,3.099999905,1258.300049,18.20000076,0.861900002,1.136999989,1_0505,17,1244
1994,3.099999905,1834.300049,18.39999962,0.899199998,1.136999989,1_0505,18,1485
1995,3.099999905,1464.599976,18.79999924,0.905500001,1.136999989,1_0505,19,1938
1996,3.099999905,1604.300049,18.10000038,0.911800003,1.136999989,1_0505,20,2405
1997,3.099999905,1635.800049,18.29999924,0.898199999,1.136999989,1_0505,21,2886
1998,3.099999905,1783.599976,19.29999924,0.884599996,1.136999989,1_0505,22,3381
1999,3.099999905,1118.5,18.60000038,0.870999992,1.136999989,1_0505,23,3891
2000,3.099999905,967.4000244,18.29999924,0.874899995,1.136999989,1_0505,24,4393
2001,3.099999905,1313.599976,18.70000076,0.878799999,1.136999989,1_0505,25,4905
2002,3.099999905,1376.800049,19.20000076,0.988000011,1.136999989,1_0505,26,5428
2003,3.099999905,1603.199951,18.79999924,0.935200012,1.136999989,1_0505,27,5961
2004,3.099999905,1568.199951,19,1.007999969,1.136999989,1_0505,28,6504
2005,3.099999905,1630.099976,19.10000038,1.071799994,1.136999989,1_0505,29,7058
2006,3.099999905,1179,19.60000038,1.059800005,1.136999989,1_0505,30,7622
2007,3.099999905,1361.400024,19.5,1.132300007,1.136999989,1_0505,31,8197
2008,3.099999905,1432.900024,18.79999924,1.20480001,1.136999989,1_0505,32,8782
2009,3.099999905,1872.5,18.89999962,1.160400009,1.136999989,1_0505,33,9377
2010,3.099999905,1131.199951,18.5,1.182400012,1.136999989,1_0505,34,9983
2011,3.099999905,1056,19.29999924,1.204400015,1.136999989,1_0505,35,10599
2012,3.099999905,1341.300049,19.60000038,1.226400018,1.136999989,1_0505,36,11226
2013,3.099999905,1850.400024,19.10000038,1.248400021,1.136999989,1_0505,37,11863
2014,3.099999905,1419.5,18.5,1.297399998,1.136999989,1_0505,38,12510
2015,3.099999905,1679.300049,20.10000038,1.292999983,1.136999989,1_0505,39,13168
2016,3.099999905,1438.199951,20.20000076,1.274399996,1.136999989,1_0505,40,13836
2017,3.099999905,1629.800049,19.70000076,1.255800009,1.136999989,1_0505,41,14515
1991,4,1654.199951,19,1.04975,1.04975,1_0506,15,402
1992,4,1728.699951,18.10000038,0.696599996,1.04975,1_0506,16,817
1993,4,1258.300049,18.20000076,0.732099992,1.04975,1_0506,17,1244
1994,4,1834.300049,18.39999962,0.767599988,1.04975,1_0506,18,1485
1995,4,1464.599976,18.79999924,0.777999991,1.04975,1_0506,19,1938
1996,4,1604.300049,18.10000038,0.788399994,1.04975,1_0506,20,2405
1997,4,1635.800049,18.29999924,0.774466666,1.04975,1_0506,21,2886
1998,4,1783.599976,19.29999924,0.760533337,1.04975,1_0506,22,3381
1999,4,1118.5,18.60000038,0.746600008,1.04975,1_0506,23,3891
2000,4,967.4000244,18.29999924,0.741300005,1.04975,1_0506,24,4393
2001,4,1313.599976,18.70000076,0.736000001,1.04975,1_0506,25,4905
2002,4,1376.800049,19.20000076,0.688999999,1.04975,1_0506,26,5428
2003,4,1603.199951,18.79999924,0.739999986,1.04975,1_0506,27,5961
2004,4,1568.199951,19,0.748199999,1.04975,1_0506,28,6504
2005,4,1630.099976,19.10000038,0.790200007,1.04975,1_0506,29,7058
2006,4,1179,19.60000038,0.810200012,1.04975,1_0506,30,7622
2007,4,1361.400024,19.5,0.902600002,1.04975,1_0506,31,8197
2008,4,1432.900024,18.79999924,0.994999993,1.04975,1_0506,32,8782
2009,4,1872.5,18.89999962,0.816199982,1.04975,1_0506,33,9377
2010,4,1131.199951,18.5,0.763199988,1.04975,1_0506,34,9983
2011,4,1056,19.29999924,0.710199994,1.04975,1_0506,35,10599
2012,4,1341.300049,19.60000038,0.6572,1.04975,1_0506,36,11226
2013,4,1850.400024,19.10000038,0.604200006,1.04975,1_0506,37,11863
2014,4,1419.5,18.5,0.630000007,1.04975,1_0506,38,12510
2015,4,1679.300049,20.10000038,0.650399995,1.04975,1_0506,39,13168
2016,4,1438.199951,20.20000076,0.660199994,1.04975,1_0506,40,13836
2017,4,1629.800049,19.70000076,0.669999993,1.04975,1_0506,41,14515
1991,3.599999905,1654.199951,19,1.244599986,1.244599986,1_0507,15,402
1992,3.599999905,1728.699951,18.10000038,0.760000014,1.244599986,1_0507,16,817
1993,3.599999905,1258.300049,18.20000076,0.81680001,1.244599986,1_0507,17,1244
1994,3.599999905,1834.300049,18.39999962,0.873600006,1.244599986,1_0507,18,1485
1995,3.599999905,1464.599976,18.79999924,0.90430001,1.244599986,1_0507,19,1938
1996,3.599999905,1604.300049,18.10000038,0.935000014,1.244599986,1_0507,20,2405
1997,3.599999905,1635.800049,18.29999924,0.912666674,1.244599986,1_0507,21,2886
1998,3.599999905,1783.599976,19.29999924,0.890333335,1.244599986,1_0507,22,3381
1999,3.599999905,1118.5,18.60000038,0.867999995,1.244599986,1_0507,23,3891
2000,3.599999905,967.4000244,18.29999924,0.869399995,1.244599986,1_0507,24,4393
2001,3.599999905,1313.599976,18.70000076,0.870799994,1.244599986,1_0507,25,4905
2002,3.599999905,1376.800049,19.20000076,0.776600003,1.244599986,1_0507,26,5428
2003,3.599999905,1603.199951,18.79999924,0.866399992,1.244599986,1_0507,27,5961
2004,3.599999905,1568.199951,19,0.880800009,1.244599986,1_0507,28,6504
2005,3.599999905,1630.099976,19.10000038,0.938599992,1.244599986,1_0507,29,7058
2006,3.599999905,1179,19.60000038,0.9296,1.244599986,1_0507,30,7622
2007,3.599999905,1361.400024,19.5,1.034399998,1.244599986,1_0507,31,8197
2008,3.599999905,1432.900024,18.79999924,1.139199996,1.244599986,1_0507,32,8782
2009,3.599999905,1872.5,18.89999962,0.954799998,1.244599986,1_0507,33,9377
2010,3.599999905,1131.199951,18.5,0.970649993,1.244599986,1_0507,34,9983
2011,3.599999905,1056,19.29999924,0.986499989,1.244599986,1_0507,35,10599
2012,3.599999905,1341.300049,19.60000038,1.002349985,1.244599986,1_0507,36,11226
2013,3.599999905,1850.400024,19.10000038,1.01819998,1.244599986,1_0507,37,11863
2014,3.599999905,1419.5,18.5,1.016999996,1.244599986,1_0507,38,12510
2015,3.599999905,1679.300049,20.10000038,1.054399991,1.244599986,1_0507,39,13168
2016,3.599999905,1438.199951,20.20000076,1.091499984,1.244599986,1_0507,40,13836
2017,3.599999905,1629.800049,19.70000076,1.128599977,1.244599986,1_0507,41,14515
1991,3.799999952,1654.199951,19,1.062000012,1.062000012,1_0508,15,402
1992,3.799999952,1728.699951,18.10000038,0.934800005,1.062000012,1_0508,16,817
1993,3.799999952,1258.300049,18.20000076,0.969200003,1.062000012,1_0508,17,1244
1994,3.799999952,1834.300049,18.39999962,1.003600001,1.062000012,1_0508,18,1485
1995,3.799999952,1464.599976,18.79999924,1.008399987,1.062000012,1_0508,19,1938
1996,3.799999952,1604.300049,18.10000038,1.013199973,1.062000012,1_0508,20,2405
1997,3.799999952,1635.800049,18.29999924,1.014333316,1.062000012,1_0508,21,2886
1998,3.799999952,1783.599976,19.29999924,1.015466658,1.062000012,1_0508,22,3381
1999,3.799999952,1118.5,18.60000038,1.016600001,1.062000012,1_0508,23,3891
2000,3.799999952,967.4000244,18.29999924,1.017099994,1.062000012,1_0508,24,4393
2001,3.799999952,1313.599976,18.70000076,1.017599988,1.062000012,1_0508,25,4905
2002,3.799999952,1376.800049,19.20000076,0.971200013,1.062000012,1_0508,26,5428
2003,3.799999952,1603.199951,18.79999924,0.999800014,1.062000012,1_0508,27,5961
2004,3.799999952,1568.199951,19,1.048600006,1.062000012,1_0508,28,6504
2005,3.799999952,1630.099976,19.10000038,1.096799994,1.062000012,1_0508,29,7058
2006,3.799999952,1179,19.60000038,1.16960001,1.062000012,1_0508,30,7622
2007,3.799999952,1361.400024,19.5,1.251400018,1.062000012,1_0508,31,8197
2008,3.799999952,1432.900024,18.79999924,1.333200026,1.062000012,1_0508,32,8782
2009,3.799999952,1872.5,18.89999962,1.163800001,1.062000012,1_0508,33,9377
2010,3.799999952,1131.199951,18.5,1.180650002,1.062000012,1_0508,34,9983
2011,3.799999952,1056,19.29999924,1.197500002,1.062000012,1_0508,35,10599
2012,3.799999952,1341.300049,19.60000038,1.214350003,1.062000012,1_0508,36,11226
2013,3.799999952,1850.400024,19.10000038,1.231200004,1.062000012,1_0508,37,11863
2014,3.799999952,1419.5,18.5,1.204400039,1.062000012,1_0508,38,12510
2015,3.799999952,1679.300049,20.10000038,1.232999992,1.062000012,1_0508,39,13168
2016,3.799999952,1438.199951,20.20000076,1.266799998,1.062000012,1_0508,40,13836
2017,3.799999952,1629.800049,19.70000076,1.300600004,1.062000012,1_0508,41,14515
1991,3.900000095,1654.199951,19,1.710200024,1.710200024,1_0509,15,402
1992,3.900000095,1728.699951,18.10000038,0.805400002,1.710200024,1_0509,16,817
1993,3.900000095,1258.300049,18.20000076,0.850600004,1.710200024,1_0509,17,1244
1994,3.900000095,1834.300049,18.39999962,0.895800006,1.710200024,1_0509,18,1485
1995,3.900000095,1464.599976,18.79999924,0.893000001,1.710200024,1_0509,19,1938
1996,3.900000095,1604.300049,18.10000038,0.890199995,1.710200024,1_0509,20,2405
1997,3.900000095,1635.800049,18.29999924,0.884666661,1.710200024,1_0509,21,2886
1998,3.900000095,1783.599976,19.29999924,0.879133328,1.710200024,1_0509,22,3381
1999,3.900000095,1118.5,18.60000038,0.873599994,1.710200024,1_0509,23,3891
2000,3.900000095,967.4000244,18.29999924,0.859599996,1.710200024,1_0509,24,4393
2001,3.900000095,1313.599976,18.70000076,0.845599997,1.710200024,1_0509,25,4905
2002,3.900000095,1376.800049,19.20000076,0.8204,1.710200024,1_0509,26,5428
2003,3.900000095,1603.199951,18.79999924,0.866400003,1.710200024,1_0509,27,5961
2004,3.900000095,1568.199951,19,0.854999995,1.710200024,1_0509,28,6504
2005,3.900000095,1630.099976,19.10000038,0.943599999,1.710200024,1_0509,29,7058
2006,3.900000095,1179,19.60000038,0.933600008,1.710200024,1_0509,30,7622
2007,3.900000095,1361.400024,19.5,0.975000012,1.710200024,1_0509,31,8197
2008,3.900000095,1432.900024,18.79999924,1.016400015,1.710200024,1_0509,32,8782
2009,3.900000095,1872.5,18.89999962,1.058200002,1.710200024,1_0509,33,9377
2010,3.900000095,1131.199951,18.5,1.070850003,1.710200024,1_0509,34,9983
2011,3.900000095,1056,19.29999924,1.083500004,1.710200024,1_0509,35,10599
2012,3.900000095,1341.300049,19.60000038,1.096150005,1.710200024,1_0509,36,11226
2013,3.900000095,1850.400024,19.10000038,1.108800006,1.710200024,1_0509,37,11863
2014,3.900000095,1419.5,18.5,1.189600015,1.710200024,1_0509,38,12510
2015,3.900000095,1679.300049,20.10000038,1.240399981,1.710200024,1_0509,39,13168
2016,3.900000095,1438.199951,20.20000076,1.173199999,1.710200024,1_0509,40,13836
2017,3.900000095,1629.800049,19.70000076,1.106000018,1.710200024,1_0509,41,14515
1994,3.799999952,1834.300049,18.39999962,0.674599993,0.674599993,1_0563,18,241
1995,3.799999952,1464.599976,18.79999924,0.681599998,0.674599993,1_0563,19,694
1996,3.799999952,1604.300049,18.10000038,0.688600004,0.674599993,1_0563,20,1161
1997,3.799999952,1635.800049,18.29999924,0.764866674,0.674599993,1_0563,21,1642
1998,3.799999952,1783.599976,19.29999924,0.841133344,0.674599993,1_0563,22,2137
1999,3.799999952,1118.5,18.60000038,0.917400014,0.674599993,1_0563,23,2647
2000,3.799999952,967.4000244,18.29999924,0.927100009,0.674599993,1_0563,24,3149
2001,3.799999952,1313.599976,18.70000076,0.936800003,0.674599993,1_0563,25,3661
2002,3.799999952,1376.800049,19.20000076,0.968000007,0.674599993,1_0563,26,4184
2003,3.799999952,1603.199951,18.79999924,1.051599979,0.674599993,1_0563,27,4717
2004,3.799999952,1568.199951,19,1.007200003,0.674599993,1_0563,28,5260
2005,3.799999952,1630.099976,19.10000038,1.184000015,0.674599993,1_0563,29,5814
2006,3.799999952,1179,19.60000038,1.16960001,0.674599993,1_0563,30,6378
2007,3.799999952,1361.400024,19.5,1.261100006,0.674599993,1_0563,31,6953
2008,3.799999952,1432.900024,18.79999924,1.352600002,0.674599993,1_0563,32,7538
2009,3.799999952,1872.5,18.89999962,1.2478,0.674599993,1_0563,33,8133
2010,3.799999952,1131.199951,18.5,1.142999997,0.674599993,1_0563,34,8739
2011,3.799999952,1056,19.29999924,1.038199995,0.674599993,1_0563,35,9355
2012,3.799999952,1341.300049,19.60000038,0.933399992,0.674599993,1_0563,36,9982
2013,3.799999952,1850.400024,19.10000038,0.828599989,0.674599993,1_0563,37,10619
2014,3.799999952,1419.5,18.5,0.844800007,0.674599993,1_0563,38,11266
2015,3.799999952,1679.300049,20.10000038,0.860400009,0.674599993,1_0563,39,11924
2016,3.799999952,1438.199951,20.20000076,0.905600005,0.674599993,1_0563,40,12592
2017,3.799999952,1629.800049,19.70000076,0.950800002,0.674599993,1_0563,41,13271
1994,4,1834.300049,18.39999962,0.864599991,0.864599991,1_0564,18,241
1995,4,1464.599976,18.79999924,0.872699994,0.864599991,1_0564,19,694
1996,4,1604.300049,18.10000038,0.880799997,0.864599991,1_0564,20,1161
1990,5.199999809,1095.699951,19.29999924,0.863199997,0.863199997,1_1001,10,711
1991,5.199999809,1467.599976,19,0.900866669,0.863199997,1_1001,11,1443
1992,5.199999809,1538.800049,18.10000038,0.938533342,0.863199997,1_1001,12,2197
1993,5.199999809,1077.400024,18.5,0.903800011,0.863199997,1_1001,13,2796
1994,5.199999809,1312.5,18.39999962,0.807066675,0.863199997,1_1001,14,3435
1995,5.199999809,1170.900024,18.39999962,0.710333339,0.863199997,1_1001,15,4555
1996,5.199999809,1167.5,17.79999924,0.613600004,0.863199997,1_1001,16,5404
1997,5.199999809,1426.800049,18,0.557900003,0.863199997,1_1001,17,6278
1998,5.199999809,1151.599976,19.10000038,0.502200001,0.863199997,1_1001,18,7178
1999,5.199999809,1021.400024,18.5,0.537,0.863199997,1_1001,19,8106
2000,5.199999809,1061.300049,18,0.571799999,0.863199997,1_1001,20,9061
2001,5.199999809,1086.199951,18.10000038,0.606599998,0.863199997,1_1001,21,10045
2002,5.199999809,1159.199951,18.29999924,0.641399997,0.863199997,1_1001,22,11059
2003,5.199999809,1560,17.70000076,0.676199996,0.863199997,1_1001,23,12103
1992,3.5,1420.699951,15,0.841199982,0.841199982,1_1011,7,176
1993,3.5,1290.900024,15.19999981,0.817799991,0.841199982,1_1011,8,353
1994,3.5,1832.699951,15.5,0.794400001,0.841199982,1_1011,9,552
1995,3.5,1492.5,14.89999962,0.960599995,0.841199982,1_1011,10,738
1996,3.5,1577.400024,14.10000038,0.958399999,0.841199982,1_1011,11,822
1997,3.5,1674.599976,14,0.956200004,0.841199982,1_1011,12,1027
1998,3.5,1616.099976,15.80000019,0.954000008,0.841199982,1_1011,13,1238
1999,3.5,1309.900024,16.29999924,1.030600002,0.841199982,1_1011,14,1455
2000,3.5,1093.300049,15.89999962,1.107199997,0.841199982,1_1011,15,1679
2001,3.5,1607.400024,15.39999962,1.183799991,0.841199982,1_1011,16,1909
2002,3.5,1558.199951,15.89999962,1.260399985,0.841199982,1_1011,17,2146
1990,3.299999952,1800,19.70000076,1.373000002,1.373000002,1_1019,4,193
1991,3.299999952,1803.800049,19.39999962,1.422000003,1.373000002,1_1019,5,391
1992,3.299999952,1965.800049,17.89999962,1.411799979,1.373000002,1_1019,6,595
1993,3.299999952,1613.800049,17.79999924,1.460899997,1.373000002,1_1019,7,985
1994,3.299999952,1475.699951,18.70000076,1.510000014,1.373000002,1_1019,8,1329
1995,3.299999952,1802.599976,18.5,1.5102,1.373000002,1_1019,9,1552
1996,3.299999952,1548.199951,18.60000038,1.603199995,1.373000002,1_1019,10,1857
1997,3.299999952,1871,18.29999924,1.696199989,1.373000002,1_1019,11,2094
1998,3.299999952,1826.900024,19.60000038,1.79059999,1.373000002,1_1019,12,2338
1999,3.299999952,1425.099976,19.10000038,1.561499989,1.373000002,1_1019,13,2589
2000,3.299999952,1083.400024,19,1.332399988,1.373000002,1_1019,14,2848
2001,3.299999952,1626.5,18.5,1.103299987,1.373000002,1_1019,15,3115
2002,3.299999952,1807.800049,18.89999962,0.874199986,1.373000002,1_1019,16,3390
1990,4.400000095,1953.699951,16.10000038,0.853399992,0.853399992,1_4073,2,356
1991,4.400000095,1613.599976,15.89999962,0.872299993,0.853399992,1_4073,3,722
1992,4.400000095,1437.599976,14.69999981,0.891199994,0.853399992,1_4073,4,1099
1993,4.400000095,1179.599976,14.89999962,0.888699996,0.853399992,1_4073,5,1470
1994,4.400000095,1776.300049,15.30000019,0.886199999,0.853399992,1_4073,6,1871
1995,4.400000095,1459.900024,15.10000038,0.956599987,0.853399992,1_4073,7,2297
1996,4.400000095,1650.800049,14.39999962,0.966249993,0.853399992,1_4073,8,2722
1997,4.400000095,1680.599976,14.5,0.9759,0.853399992,1_4073,9,3159
1998,4.400000095,1344,16.29999924,0.985550007,0.853399992,1_4073,10,3610
1999,4.400000095,1342,15.89999962,0.995200014,0.853399992,1_4073,11,4074
2000,4.400000095,1408.900024,15.39999962,1.031800008,0.853399992,1_4073,12,4552
2001,4.400000095,1627.300049,15.30000019,1.068400002,0.853399992,1_4073,13,5044
2002,4.400000095,1470.699951,15.60000038,1.104999995,0.853399992,1_4073,14,5551
2003,4.400000095,1596.400024,15.19999981,1.141599989,0.853399992,1_4073,15,6073
2004,4.400000095,1736.5,15.60000038,1.184999943,0.853399992,1_4073,16,6611
1990,4.400000095,1743.800049,17.10000038,0.903600001,0.903600001,1_4127,16,225
1991,4.400000095,1924.199951,16.79999924,0.918300003,0.903600001,1_4127,17,457
1992,4.400000095,1310.099976,15.39999962,0.933000004,0.903600001,1_4127,18,696
1993,4.400000095,1238.199951,15.60000038,0.904100001,0.903600001,1_4127,19,966
1994,4.400000095,1793.199951,15.89999962,0.875199997,0.903600001,1_4127,20,1368
1995,4.400000095,1452.5,15.80000019,0.890999997,0.903600001,1_4127,21,1643
1996,4.400000095,1596.5,15.19999981,0.930333332,0.903600001,1_4127,22,1912
1997,4.400000095,1666.400024,15.19999981,0.969666668,0.903600001,1_4127,23,2189
1998,4.400000095,1541.400024,17.20000076,1.009000003,0.903600001,1_4127,24,2474
1990,4,1327.199951,17.89999962,1.009199989,1.009199989,1_4129,14,403
1991,4,1438.800049,17.20000076,1.009699994,1.009199989,1_4129,15,818
1992,4,1543.199951,16.10000038,1.0102,1.009199989,1_4129,16,1246
1993,4,1138.099976,16.29999924,1.040699995,1.009199989,1_4129,17,1669
1994,4,1520,16.79999924,1.071199989,1.009199989,1_4129,18,2106
1995,4,1444.300049,16.70000076,1.482999969,1.009199989,1_4129,19,2541
1996,4,1428,16.20000076,1.705799985,1.009199989,1_4129,20,3023
1997,4,1539,16.20000076,1.928600001,1.009199989,1_4129,21,3519
1990,3.200000048,1082.699951,19.60000038,0.95029999,0.95029999,1_4155,15,391
1991,3.200000048,1654.199951,19,0.952650005,0.95029999,1_4155,16,793
1992,3.200000048,1728.699951,18.10000038,0.955000019,0.95029999,1_4155,17,1208
1993,3.200000048,1258.300049,18.20000076,1.016500008,0.95029999,1_4155,18,1635
1994,3.200000048,1834.300049,18.39999962,1.077999997,0.95029999,1_4155,19,1876
1995,3.200000048,1464.599976,18.79999924,1.069500005,0.95029999,1_4155,20,2329
1996,3.200000048,1604.300049,18.10000038,1.061000013,0.95029999,1_4155,21,2796
1997,3.200000048,1635.800049,18.29999924,0.971733344,0.95029999,1_4155,22,3277
1998,3.200000048,1783.599976,19.29999924,0.882466674,0.95029999,1_4155,23,3772
1999,3.200000048,1118.5,18.60000038,0.793200004,0.95029999,1_4155,24,4282
2000,3.200000048,967.4000244,18.29999924,0.788800001,0.95029999,1_4155,25,4784
2001,3.200000048,1313.599976,18.70000076,0.784399998,0.95029999,1_4155,26,5296
2002,3.200000048,1376.800049,19.20000076,0.816200006,0.95029999,1_4155,27,5819
2003,3.200000048,1603.199951,18.79999924,0.821355561,0.95029999,1_4155,28,6352
2004,3.200000048,1568.199951,19,0.826511117,0.95029999,1_4155,29,6895
2005,3.200000048,1630.099976,19.10000038,0.831666672,0.95029999,1_4155,30,7449
2006,3.200000048,1179,19.60000038,0.836822228,0.95029999,1_4155,31,8013
2007,3.200000048,1361.400024,19.5,0.841977783,0.95029999,1_4155,32,8588
2008,3.200000048,1432.900024,18.79999924,0.847133338,0.95029999,1_4155,33,9173
2009,3.200000048,1872.5,18.89999962,0.852288894,0.95029999,1_4155,34,9768
2010,3.200000048,1131.199951,18.5,0.857444449,0.95029999,1_4155,35,10374
2011,3.200000048,1056,19.29999924,0.862600005,0.95029999,1_4155,36,10990
2012,3.200000048,1341.300049,19.60000038,0.860100001,0.95029999,1_4155,37,11617
2013,3.200000048,1850.400024,19.10000038,0.857599998,0.95029999,1_4155,38,12254
2014,3.200000048,1419.5,18.5,0.857200015,0.95029999,1_4155,39,12901
2015,3.200000048,1679.300049,20.10000038,0.917600012,0.95029999,1_4155,40,13559
2016,3.200000048,1438.199951,20.20000076,0.9042,0.95029999,1_4155,41,14227
2017,3.200000048,1629.800049,19.70000076,0.890799987,0.95029999,1_4155,42,14906
1990,4.099999905,1400.900024,18.70000076,1.192000008,1.192000008,1_6012,6,2141
1991,4.099999905,1387.300049,18.60000038,1.400400007,1.192000008,1_6012,7,4346
1992,4.099999905,1286.099976,17.29999924,1.608800006,1.192000008,1_6012,8,6617
1993,4.099999905,1209.400024,17.5,1.760200012,1.192000008,1_6012,9,8844
1994,4.099999905,1465,17.5,1.911600018,1.192000008,1_6012,10,11279
1995,4.099999905,1471.599976,18.20000076,2.421999979,1.192000008,1_6012,11,13843
1996,4.099999905,1487.199951,17.70000076,2.498099983,1.192000008,1_6012,12,16399
1997,4.099999905,1808.599976,17.70000076,2.574199986,1.192000008,1_6012,13,19032
1998,4.099999905,1543.199951,19.29999924,2.65029999,1.192000008,1_6012,14,21744
1999,4.099999905,1365.599976,18.79999924,2.726399994,1.192000008,1_6012,15,24537
2000,4.099999905,1262.800049,18.60000038,2.389599943,1.192000008,1_6012,16,27414
1990,5.300000191,1703,20.29999924,0.663399994,0.663399994,1_6019,9,130
1991,5.300000191,1977.5,19.39999962,0.723299992,0.663399994,1_6019,10,264
1992,5.300000191,1993.400024,18.5,0.78319999,0.663399994,1_6019,11,402
1993,5.300000191,1466.599976,18.70000076,0.69106666,0.663399994,1_6019,12,545
1994,5.300000191,1404.099976,19.10000038,0.598933331,0.663399994,1_6019,13,692
1995,5.300000191,2309.5,19.10000038,0.506800002,0.663399994,1_6019,14,1086
1996,5.300000191,1552.800049,18.79999924,0.518000002,0.663399994,1_6019,15,1242
1997,5.300000191,1771.900024,18.89999962,0.529200003,0.663399994,1_6019,16,1402
1998,5.300000191,2015.300049,20,0.540400003,0.663399994,1_6019,17,1567
1999,5.300000191,1354.599976,19.79999924,0.551600003,0.663399994,1_6019,18,1737
2000,5.300000191,1005.099976,19.70000076,0.530300003,0.663399994,1_6019,19,1912
2001,5.300000191,1519.300049,19.29999924,0.509000003,0.663399994,1_6019,20,2093
1990,4.800000191,1331.699951,19.10000038,1.176800001,1.176800001,1_A310,18,636
1991,4.800000191,1551,18.39999962,1.210400015,1.176800001,1_A310,19,1291
1992,4.800000191,1624.199951,17.39999962,1.24400003,1.176800001,1_A310,20,1965
1993,4.800000191,1296.099976,17.89999962,1.323600018,1.176800001,1_A310,21,2666
1994,4.800000191,1491.199951,18.39999962,1.403200006,1.176800001,1_A310,22,3375
1995,4.800000191,1273.699951,18.29999924,1.32099998,1.176800001,1_A310,23,4112
1996,4.800000191,1584.300049,17.39999962,1.359649986,1.176800001,1_A310,24,4871
1997,4.800000191,1361.400024,17.70000076,1.398299992,1.176800001,1_A310,25,5653
1998,4.800000191,1222,19.20000076,1.436949998,1.176800001,1_A310,26,6458
1999,4.800000191,1217.800049,18.39999962,1.475600004,1.176800001,1_A310,27,7287
1990,4.800000191,1331.699951,19.10000038,1.008499998,1.008499998,1_A320,18,636
1991,4.800000191,1551,18.39999962,1.030249998,1.008499998,1_A320,19,1291
1992,4.800000191,1624.199951,17.39999962,1.051999998,1.008499998,1_A320,20,1965
1993,4.800000191,1296.099976,17.89999962,1.091314282,1.008499998,1_A320,21,2666
1994,4.800000191,1491.199951,18.39999962,1.130628565,1.008499998,1_A320,22,3375
1995,4.800000191,1273.699951,18.29999924,1.169942849,1.008499998,1_A320,23,4112
1996,4.800000191,1584.300049,17.39999962,1.209257133,1.008499998,1_A320,24,4871
1997,4.800000191,1361.400024,17.70000076,1.248571416,1.008499998,1_A320,25,5653
1998,4.800000191,1222,19.20000076,1.2878857,1.008499998,1_A320,26,6458
1999,4.800000191,1217.800049,18.39999962,1.327199984,1.008499998,1_A320,27,7287
1990,4.900000095,1331.699951,19.10000038,1.028100008,1.028100008,1_A330,18,636
1991,4.900000095,1551,18.39999962,1.03515,1.028100008,1_A330,19,1291
1992,4.900000095,1624.199951,17.39999962,1.042199993,1.028100008,1_A330,20,1965
1993,4.900000095,1296.099976,17.89999962,1.070499992,1.028100008,1_A330,21,2666
1994,4.900000095,1491.199951,18.39999962,1.098799992,1.028100008,1_A330,22,3375
1995,4.900000095,1273.699951,18.29999924,1.252200007,1.028100008,1_A330,23,4112
1996,4.900000095,1584.300049,17.39999962,1.305900007,1.028100008,1_A330,24,4871
1997,4.900000095,1361.400024,17.70000076,1.359600008,1.028100008,1_A330,25,5653
1998,4.900000095,1222,19.20000076,1.413300008,1.028100008,1_A330,26,6458
1999,4.900000095,1217.800049,18.39999962,1.467000008,1.028100008,1_A330,27,7287
1990,4.599999905,1331.699951,19.10000038,1.063599992,1.063599992,1_A340,18,636
1991,4.599999905,1551,18.39999962,1.055499995,1.063599992,1_A340,19,1291
1992,4.599999905,1624.199951,17.39999962,1.047399998,1.063599992,1_A340,20,1965
1993,4.599999905,1296.099976,17.89999962,1.105933332,1.063599992,1_A340,21,2666
1994,4.599999905,1491.199951,18.39999962,1.164466667,1.063599992,1_A340,22,3375
1995,4.599999905,1273.699951,18.29999924,1.223000002,1.063599992,1_A340,23,4112
1996,4.599999905,1584.300049,17.39999962,1.259799999,1.063599992,1_A340,24,4871
1997,4.599999905,1361.400024,17.70000076,1.296599996,1.063599992,1_A340,25,5653
1998,4.599999905,1222,19.20000076,1.333399993,1.063599992,1_A340,26,6458
1999,4.599999905,1217.800049,18.39999962,1.37019999,1.063599992,1_A340,27,7287
1990,4.800000191,1331.699951,19.10000038,1.328699982,1.328699982,1_A350,18,636
1991,4.800000191,1551,18.39999962,1.332349986,1.328699982,1_A350,19,1291
1992,4.800000191,1624.199951,17.39999962,1.33599999,1.328699982,1_A350,20,1965
1993,4.800000191,1296.099976,17.89999962,1.331200004,1.328699982,1_A350,21,2666
1994,4.800000191,1491.199951,18.39999962,1.326400018,1.328699982,1_A350,22,3375
1995,4.800000191,1273.699951,18.29999924,1.380000019,1.328699982,1_A350,23,4112
1996,4.800000191,1584.300049,17.39999962,1.395700014,1.328699982,1_A350,24,4871
1997,4.800000191,1361.400024,17.70000076,1.411400008,1.328699982,1_A350,25,5653
1998,4.800000191,1222,19.20000076,1.427100003,1.328699982,1_A350,26,6458
1999,4.800000191,1217.800049,18.39999962,1.442799997,1.328699982,1_A350,27,7287
1990,3.5,1800,19.70000076,0.832800007,0.832800007,1_B310,4,193
1991,3.5,1803.800049,19.39999962,1.797600007,0.832800007,1_B310,5,391
1992,3.5,1965.800049,17.89999962,1.668799996,0.832800007,1_B310,6,595
1993,3.5,1613.800049,17.79999924,1.7023,0.832800007,1_B310,7,985
1994,3.5,1475.699951,18.70000076,1.735800004,0.832800007,1_B310,8,1328
1995,3.5,1802.599976,18.5,1.746799994,0.832800007,1_B310,9,1551
1996,3.5,1548.199951,18.60000038,1.757799983,0.832800007,1_B310,10,1856
1997,3.5,1871,18.29999924,1.768799973,0.832800007,1_B310,11,2093
1998,3.5,1826.900024,19.60000038,1.750600004,0.832800007,1_B310,12,2337
1990,3.5,1800,19.70000076,1.059599996,1.059599996,1_B320,4,193
1991,3.5,1803.800049,19.39999962,1.094799995,1.059599996,1_B320,5,391
1992,3.5,1965.800049,17.89999962,1.066199994,1.059599996,1_B320,6,595
1993,3.5,1613.800049,17.79999924,1.119599986,1.059599996,1_B320,7,985
1994,3.5,1475.699951,18.70000076,1.172999978,1.059599996,1_B320,8,1328
1995,3.5,1802.599976,18.5,1.200399987,1.059599996,1_B320,9,1551
1996,3.5,1548.199951,18.60000038,1.227799996,1.059599996,1_B320,10,1856
1997,3.5,1871,18.29999924,1.255200005,1.059599996,1_B320,11,2093
1998,3.5,1826.900024,19.60000038,1.265600014,1.059599996,1_B320,12,2337
1990,3.599999905,1800,19.70000076,1.621000004,1.621000004,1_B330,4,193
1991,3.599999905,1803.800049,19.39999962,1.74519999,1.621000004,1_B330,5,391
1992,3.599999905,1965.800049,17.89999962,1.69460001,1.621000004,1_B330,6,595
1993,3.599999905,1613.800049,17.79999924,1.731800008,1.621000004,1_B330,7,985
1994,3.599999905,1475.699951,18.70000076,1.769000006,1.621000004,1_B330,8,1328
1995,3.599999905,1802.599976,18.5,1.880333328,1.621000004,1_B330,9,1551
1996,3.599999905,1548.199951,18.60000038,1.991666651,1.621000004,1_B330,10,1856
1997,3.599999905,1871,18.29999924,2.102999973,1.621000004,1_B330,11,2093
1998,3.599999905,1826.900024,19.60000038,2.140999985,1.621000004,1_B330,12,2337
1990,3.700000048,1800,19.70000076,0.951199996,0.951199996,1_B340,4,193
1991,3.700000048,1803.800049,19.39999962,1.038599992,0.951199996,1_B340,5,391
1992,3.700000048,1965.800049,17.89999962,1.047200012,0.951199996,1_B340,6,595
1993,3.700000048,1613.800049,17.79999924,1.056000006,0.951199996,1_B340,7,985
1994,3.700000048,1475.699951,18.70000076,1.0648,0.951199996,1_B340,8,1328
1995,3.700000048,1802.599976,18.5,1.237599993,0.951199996,1_B340,9,1551
1996,3.700000048,1548.199951,18.60000038,1.291299987,0.951199996,1_B340,10,1856
1997,3.700000048,1871,18.29999924,1.344999981,0.951199996,1_B340,11,2093
1998,3.700000048,1826.900024,19.60000038,1.460800028,0.951199996,1_B340,12,2337
1990,3.599999905,1800,19.70000076,1.594799995,1.594799995,1_B350,4,193
1991,3.599999905,1803.800049,19.39999962,1.62019999,1.594799995,1_B350,5,391
1992,3.599999905,1965.800049,17.89999962,1.583399987,1.594799995,1_B350,6,595
1993,3.599999905,1613.800049,17.79999924,1.593100011,1.594799995,1_B350,7,985
1994,3.599999905,1475.699951,18.70000076,1.602800035,1.594799995,1_B350,8,1328
1995,3.599999905,1802.599976,18.5,1.698333359,1.594799995,1_B350,9,1551
1996,3.599999905,1548.199951,18.60000038,1.793866682,1.594799995,1_B350,10,1856
1997,3.599999905,1871,18.29999924,1.889400005,1.594799995,1_B350,11,2093
1998,3.599999905,1826.900024,19.60000038,1.904200006,1.594799995,1_B350,12,2337
1990,3.299999952,1082.699951,19.60000038,1.021199989,1.021199989,1_C310,15,391
1991,3.299999952,1654.199951,19,0.968699998,1.021199989,1_C310,16,793
1992,3.299999952,1728.699951,18.10000038,0.916200006,1.021199989,1_C310,17,1208
1993,3.299999952,1258.300049,18.20000076,1.016400021,1.021199989,1_C310,18,1635
1994,3.299999952,1834.300049,18.39999962,1.116600037,1.021199989,1_C310,19,1876
1995,3.299999952,1464.599976,18.79999924,1.083900034,1.021199989,1_C310,20,2329
1996,3.299999952,1604.300049,18.10000038,1.051200032,1.021199989,1_C310,21,2796
1997,3.299999952,1635.800049,18.29999924,1.045266684,1.021199989,1_C310,22,3277
1998,3.299999952,1783.599976,19.29999924,1.039333336,1.021199989,1_C310,23,3772
1999,3.299999952,1118.5,18.60000038,1.033399987,1.021199989,1_C310,24,4282
2000,3.299999952,967.4000244,18.29999924,1.069399989,1.021199989,1_C310,25,4784
2001,3.299999952,1313.599976,18.70000076,1.10539999,1.021199989,1_C310,26,5296
2002,3.299999952,1376.800049,19.20000076,1.141399992,1.021199989,1_C310,27,5819
2003,3.299999952,1603.199951,18.79999924,1.177399993,1.021199989,1_C310,28,6352
1990,3.200000048,1082.699951,19.60000038,0.892200005,0.892200005,1_C320,15,391
1991,3.200000048,1654.199951,19,0.855799997,0.892200005,1_C320,16,793
1992,3.200000048,1728.699951,18.10000038,0.819399989,0.892200005,1_C320,17,1208
1993,3.200000048,1258.300049,18.20000076,0.850999993,0.892200005,1_C320,18,1635
1994,3.200000048,1834.300049,18.39999962,0.882599998,0.892200005,1_C320,19,1876
1995,3.200000048,1464.599976,18.79999924,0.914200002,0.892200005,1_C320,20,2329
1996,3.200000048,1604.300049,18.10000038,0.945800006,0.892200005,1_C320,21,2796
1997,3.200000048,1635.800049,18.29999924,0.965866677,0.892200005,1_C320,22,3277
1998,3.200000048,1783.599976,19.29999924,0.985933348,0.892200005,1_C320,23,3772
1999,3.200000048,1118.5,18.60000038,1.006000018,0.892200005,1_C320,24,4282
2000,3.200000048,967.4000244,18.29999924,1.048650017,0.892200005,1_C320,25,4784
2001,3.200000048,1313.599976,18.70000076,1.091300017,0.892200005,1_C320,26,5296
2002,3.200000048,1376.800049,19.20000076,1.133950016,0.892200005,1_C320,27,5819
2003,3.200000048,1603.199951,18.79999924,1.176600015,0.892200005,1_C320,28,6352
1990,3.400000095,1082.699951,19.60000038,1.212400007,1.212400007,1_C330,15,391
1991,3.400000095,1654.199951,19,1.25990001,1.212400007,1_C330,16,793
1992,3.400000095,1728.699951,18.10000038,1.307400012,1.212400007,1_C330,17,1208
1993,3.400000095,1258.300049,18.20000076,1.384799993,1.212400007,1_C330,18,1635
1994,3.400000095,1834.300049,18.39999962,1.462199974,1.212400007,1_C330,19,1876
1995,3.400000095,1464.599976,18.79999924,1.555199981,1.212400007,1_C330,20,2329
1996,3.400000095,1604.300049,18.10000038,1.648199987,1.212400007,1_C330,21,2796
1997,3.400000095,1635.800049,18.29999924,1.686799995,1.212400007,1_C330,22,3277
1998,3.400000095,1783.599976,19.29999924,1.725400003,1.212400007,1_C330,23,3772
1999,3.400000095,1118.5,18.60000038,1.76400001,1.212400007,1_C330,24,4282
2000,3.400000095,967.4000244,18.29999924,1.852150005,1.212400007,1_C330,25,4784
2001,3.400000095,1313.599976,18.70000076,1.9403,1.212400007,1_C330,26,5296
2002,3.400000095,1376.800049,19.20000076,2.028449994,1.212400007,1_C330,27,5819
2003,3.400000095,1603.199951,18.79999924,2.116599989,1.212400007,1_C330,28,6352
1990,3.400000095,1082.699951,19.60000038,0.952199996,0.952199996,1_C340,15,391
1991,3.400000095,1654.199951,19,0.957399994,0.952199996,1_C340,16,793
1992,3.400000095,1728.699951,18.10000038,0.962599993,0.952199996,1_C340,17,1208
1993,3.400000095,1258.300049,18.20000076,1.03089999,0.952199996,1_C340,18,1635
1994,3.400000095,1834.300049,18.39999962,1.099199986,0.952199996,1_C340,19,1876
1995,3.400000095,1464.599976,18.79999924,1.091699994,0.952199996,1_C340,20,2329
1996,3.400000095,1604.300049,18.10000038,1.084200001,0.952199996,1_C340,21,2796
1997,3.400000095,1635.800049,18.29999924,1.073933331,0.952199996,1_C340,22,3277
1998,3.400000095,1783.599976,19.29999924,1.063666662,0.952199996,1_C340,23,3772
1999,3.400000095,1118.5,18.60000038,1.053399992,0.952199996,1_C340,24,4282
2000,3.400000095,967.4000244,18.29999924,1.0764,0.952199996,1_C340,25,4784
2001,3.400000095,1313.599976,18.70000076,1.099400008,0.952199996,1_C340,26,5296
2002,3.400000095,1376.800049,19.20000076,1.122400016,0.952199996,1_C340,27,5819
2003,3.400000095,1603.199951,18.79999924,1.145400023,0.952199996,1_C340,28,6352
1990,3.200000048,1082.699951,19.60000038,1.143400025,1.143400025,1_C350,15,391
1991,3.200000048,1654.199951,19,1.183500016,1.143400025,1_C350,16,793
1992,3.200000048,1728.699951,18.10000038,1.223600006,1.143400025,1_C350,17,1208
1993,3.200000048,1258.300049,18.20000076,1.335800004,1.143400025,1_C350,18,1635
1994,3.200000048,1834.300049,18.39999962,1.448000002,1.143400025,1_C350,19,1876
1995,3.200000048,1464.599976,18.79999924,1.452300012,1.143400025,1_C350,20,2329
1996,3.200000048,1604.300049,18.10000038,1.456600022,1.143400025,1_C350,21,2796
1990,5.5,1311.300049,18.5,0.969400013,0.969400013,1_1021,5,289
1991,5.5,1392.540015,17.83999977,0.958900005,0.969400013,1_1021,6,587
1992,5.5,1598.300049,16.79999924,0.948399997,0.969400013,1_1021,7,894
1993,5.5,1392.540015,17.83999977,0.968299997,0.969400013,1_1021,8,1220.5
1994,5.5,1477.900024,17.89999962,0.988199997,0.969400013,1_1021,9,1566.5
1995,5.5,1308.699951,17.89999962,1.005400002,0.969400013,1_1021,10,1889.5
1996,5.5,1392.540015,17.83999977,1.045150003,0.969400013,1_1021,11,2226
1997,5.5,1392.540015,17.83999977,1.084900004,0.969400013,1_1021,12,2576
1998,5.5,1392.540015,17.83999977,1.124650004,0.969400013,1_1021,13,2939.5
1999,5.5,1266.5,18.10000038,1.164400005,0.969400013,1_1021,14,3316.5
1990,8,1706.300049,17,0.8148,0.8148,1_4126,2,2396
1991,8,1569.2,15.76000004,0.824299997,0.8148,1_4126,3,4864.5
1992,8,1425,14.69999981,0.833799994,0.8148,1_4126,4,7405.5
1993,8,1569.2,15.76000004,0.837099993,0.8148,1_4126,5,10024
1994,8,1778.5,15.89999962,0.840399993,0.8148,1_4126,6,12720
1995,8,1569.2,15.76000004,0.894499993,0.8148,1_4126,7,15498
1996,8,1624.599976,15.10000038,0.948599994,0.8148,1_4126,8,18358
1997,8,1569.2,15.76000004,0.965066667,0.8148,1_4126,9,21306.66667
1998,8,1569.2,15.76000004,0.981533341,0.8148,1_4126,10,24344
1999,8,1311.599976,16.10000038,0.998000014,0.8148,1_4126,11,27470
1990,4.099999905,1331.699951,19.10000038,0.954099995,0.954099995,1_4125,18,636
1991,4.099999905,1387.719971,18.3199997,0.940249994,0.954099995,1_4125,19,1291
1992,4.099999905,1624.199951,17.39999962,0.926399994,0.954099995,1_4125,20,1965
1993,4.099999905,1387.719971,18.3199997,1.011999989,0.954099995,1_4125,21,2656.5
1994,4.099999905,1491.199951,18.39999962,1.097599983,0.954099995,1_4125,22,3365.5
1995,4.099999905,1273.699951,18.29999924,1.104200006,0.954099995,1_4125,23,4102.5
1996,4.099999905,1387.719971,18.3199997,1.153550011,0.954099995,1_4125,24,4862.5
1997,4.099999905,1387.719971,18.3199997,1.202900016,0.954099995,1_4125,25,5645.5
1998,4.099999905,1387.719971,18.3199997,1.252250022,0.954099995,1_4125,26,6451.5
1999,4.099999905,1217.800049,18.39999962,1.301600027,0.954099995,1_4125,27,7280.5