YEAR,SN,PRECIPITATION,TEMPERATURE,IRI,INITIAL_IRI,STATION_ID,AGE,ACCUMULATED_AADTT
1995,2.9000000953674316,935.5,15.699999809265137,0.7793999910354614,0.7793999910354614,5_0113,2,639
1996,2.9000000953674316,1141.699951171875,15.100000381469727,0.7873999953269959,0.7793999910354614,5_0113,3,1381
1997,2.9000000953674316,1217.9000244140625,15.399999618530273,0.7953999996185303,0.7793999910354614,5_0113,4,2172
1998,2.9000000953674316,1196.5999755859375,17.299999237060547,0.8317999988794327,0.7793999910354614,5_0113,5,3063
1999,2.9000000953674316,884.2000122070312,16.700000762939453,0.868199998140335,0.7793999910354614,5_0113,6,3950
2000,2.9000000953674316,1057.800048828125,15.800000190734863,0.9045999974012374,0.7793999910354614,5_0113,7,4884
2001,2.9000000953674316,1293.800048828125,16.100000381469727,0.9409999966621398,0.7793999910354614,5_0113,8,5904
2002,2.9000000953674316,1353.800048828125,15.600000381469727,1.1715999841690063,0.7793999910354614,5_0113,9,6715
2003,2.9000000953674316,1425.300048828125,15.100000381469727,1.1278000116348266,0.7793999910354614,5_0113,10,7706
2004,2.9000000953674316,1387.800048828125,15.600000381469727,1.0847999691963195,0.7793999910354614,5_0113,11,8727
2005,2.9000000953674316,1012.7999877929688,16.100000381469727,1.1931999683380128,0.7793999910354614,5_0113,12,9779
2006,2.9000000953674316,1342.0999755859375,16.100000381469727,1.1902999877929688,0.7793999910354614,5_0113,13,10862
2007,2.9000000953674316,1266.5999755859375,16.0,1.1874000072479247,0.7793999910354614,5_0113,14,11978
2008,2.9000000953674316,1264.199951171875,14.5,1.025600016117096,0.7793999910354614,5_0113,15,13121
1995,4.699999809265137,935.5,15.699999809265137,0.7408000111579895,0.7408000111579895,5_0114,2,639
1996,4.699999809265137,1141.699951171875,15.100000381469727,0.7809000074863435,0.7408000111579895,5_0114,3,1381
1997,4.699999809265137,1217.9000244140625,15.399999618530273,0.8210000038146973,0.7408000111579895,5_0114,4,2172
1998,4.699999809265137,1196.5999755859375,17.299999237060547,0.838400000333786,0.7408000111579895,5_0114,5,3063
1999,4.699999809265137,884.2000122070312,16.700000762939453,0.8557999968528748,0.7408000111579895,5_0114,6,3950
2000,4.699999809265137,1057.800048828125,15.800000190734863,0.8731999933719635,0.7408000111579895,5_0114,7,4884
2001,4.699999809265137,1293.800048828125,16.100000381469727,0.8905999898910523,0.7408000111579895,5_0114,8,5904
2002,4.699999809265137,1353.800048828125,15.600000381469727,0.9539999961853027,0.7408000111579895,5_0114,9,6715
2003,4.699999809265137,1425.300048828125,15.100000381469727,0.9728000044822693,0.7408000111579895,5_0114,10,7706
2004,4.699999809265137,1387.800048828125,15.600000381469727,0.9372000098228455,0.7408000111579895,5_0114,11,8727
2005,4.699999809265137,1012.7999877929688,16.100000381469727,1.0731999754905701,0.7408000111579895,5_0114,12,9779
2006,4.699999809265137,1342.0999755859375,16.100000381469727,1.1919999897480011,0.7408000111579895,5_0114,13,10862
2007,4.699999809265137,1266.5999755859375,16.0,1.3108000040054322,0.7408000111579895,5_0114,14,11978
2008,4.699999809265137,1264.199951171875,14.5,1.0382000088691712,0.7408000111579895,5_0114,15,13121
1995,5.300000190734863,935.5,15.699999809265137,0.7863999962806701,0.7863999962806701,5_0115,2,639
1996,5.300000190734863,1141.699951171875,15.100000381469727,0.8083999931812287,0.7863999962806701,5_0115,3,1381
1997,5.300000190734863,1217.9000244140625,15.399999618530273,0.8303999900817871,0.7863999962806701,5_0115,4,2172
1998,5.300000190734863,1196.5999755859375,17.299999237060547,0.8584499895572663,0.7863999962806701,5_0115,5,3063
1999,5.300000190734863,884.2000122070312,16.700000762939453,0.8864999890327454,0.7863999962806701,5_0115,6,3950
2000,5.300000190734863,1057.800048828125,15.800000190734863,0.9145499885082244,0.7863999962806701,5_0115,7,4884
2001,5.300000190734863,1293.800048828125,16.100000381469727,0.9425999879837036,0.7863999962806701,5_0115,8,5904
2002,5.300000190734863,1353.800048828125,15.600000381469727,0.921399998664856,0.7863999962806701,5_0115,9,6715
2003,5.300000190734863,1425.300048828125,15.100000381469727,1.05479998588562,0.7863999962806701,5_0115,10,7706
2004,5.300000190734863,1387.800048828125,15.600000381469727,0.9888000130653382,0.7863999962806701,5_0115,11,8727
2005,5.300000190734863,1012.7999877929688,16.100000381469727,1.0848000288009643,0.7863999962806701,5_0115,12,9779
2006,5.300000190734863,1342.0999755859375,16.100000381469727,1.0614000141620634,0.7863999962806701,5_0115,13,10862
2007,5.300000190734863,1266.5999755859375,16.0,1.0379999995231628,0.7863999962806701,5_0115,14,11978
2008,5.300000190734863,1264.199951171875,14.5,1.0299999833106994,0.7863999962806701,5_0115,15,13121
1995,5.300000190734863,935.5,15.699999809265137,0.9684000015258789,0.9684000015258789,5_0116,2,639
1996,5.300000190734863,1141.699951171875,15.100000381469727,0.941399997472763,0.9684000015258789,5_0116,3,1381
1997,5.300000190734863,1217.9000244140625,15.399999618530273,0.9143999934196472,0.9684000015258789,5_0116,4,2172
1998,5.300000190734863,1196.5999755859375,17.299999237060547,0.9338999956846237,0.9684000015258789,5_0116,5,3063
1999,5.300000190734863,884.2000122070312,16.700000762939453,0.9533999979496002,0.9684000015258789,5_0116,6,3950
2000,5.300000190734863,1057.800048828125,15.800000190734863,0.9729000002145767,0.9684000015258789,5_0116,7,4884
2001,5.300000190734863,1293.800048828125,16.100000381469727,0.9924000024795532,0.9684000015258789,5_0116,8,5904
2002,5.300000190734863,1353.800048828125,15.600000381469727,1.0667999744415284,0.9684000015258789,5_0116,9,6715
2003,5.300000190734863,1425.300048828125,15.100000381469727,1.0151999831199645,0.9684000015258789,5_0116,10,7706
2004,5.300000190734863,1387.800048828125,15.600000381469727,1.0355999946594239,0.9684000015258789,5_0116,11,8727
2005,5.300000190734863,1012.7999877929688,16.100000381469727,1.0437999963760376,0.9684000015258789,5_0116,12,9779
2006,5.300000190734863,1342.0999755859375,16.100000381469727,1.082700002193451,0.9684000015258789,5_0116,13,10862
2007,5.300000190734863,1266.5999755859375,16.0,1.1216000080108643,0.9684000015258789,5_0116,14,11978
2008,5.300000190734863,1264.199951171875,14.5,0.9726000189781189,0.9684000015258789,5_0116,15,13121
1995,4.800000190734863,935.5,15.699999809265137,0.8248000144958496,0.8248000144958496,5_0117,2,639
1996,4.800000190734863,1141.699951171875,15.100000381469727,0.8260000050067902,0.8248000144958496,5_0117,3,1381
1997,4.800000190734863,1217.9000244140625,15.399999618530273,0.8271999955177307,0.8248000144958496,5_0117,4,2172
1998,4.800000190734863,1196.5999755859375,17.299999237060547,0.8580999970436096,0.8248000144958496,5_0117,5,3063
1999,4.800000190734863,884.2000122070312,16.700000762939453,0.8889999985694885,0.8248000144958496,5_0117,6,3950
2000,4.800000190734863,1057.800048828125,15.800000190734863,0.9199000000953674,0.8248000144958496,5_0117,7,4884
2001,4.800000190734863,1293.800048828125,16.100000381469727,0.9508000016212463,0.8248000144958496,5_0117,8,5904
2002,4.800000190734863,1353.800048828125,15.600000381469727,1.194599986076355,0.8248000144958496,5_0117,9,6715
2003,4.800000190734863,1425.300048828125,15.100000381469727,1.0390000224113465,0.8248000144958496,5_0117,10,7706
2004,4.800000190734863,1387.800048828125,15.600000381469727,1.0522000193595886,0.8248000144958496,5_0117,11,8727
2005,4.800000190734863,1012.7999877929688,16.100000381469727,1.101799988746643,0.8248000144958496,5_0117,12,9779
2006,4.800000190734863,1342.0999755859375,16.100000381469727,1.1079999804496765,0.8248000144958496,5_0117,13,10862
2007,4.800000190734863,1266.5999755859375,16.0,1.11419997215271,0.8248000144958496,5_0117,14,11978
2008,4.800000190734863,1264.199951171875,14.5,1.1519999980926514,0.8248000144958496,5_0117,15,13121
1995,4.699999809265137,935.5,15.699999809265137,0.7527999877929688,0.7527999877929688,5_0118,2,639
1996,4.699999809265137,1141.699951171875,15.100000381469727,0.7540999948978424,0.7527999877929688,5_0118,3,1381
1997,4.699999809265137,1217.9000244140625,15.399999618530273,0.7554000020027161,0.7527999877929688,5_0118,4,2172
1998,4.699999809265137,1196.5999755859375,17.299999237060547,0.7826999992132186,0.7527999877929688,5_0118,5,3063
1999,4.699999809265137,884.2000122070312,16.700000762939453,0.8099999964237213,0.7527999877929688,5_0118,6,3950
2000,4.699999809265137,1057.800048828125,15.800000190734863,0.837299993634224,0.7527999877929688,5_0118,7,4884
2001,4.699999809265137,1293.800048828125,16.100000381469727,0.8645999908447266,0.7527999877929688,5_0118,8,5904
2002,4.699999809265137,1353.800048828125,15.600000381469727,0.925599992275238,0.7527999877929688,5_0118,9,6715
2003,4.699999809265137,1425.300048828125,15.100000381469727,0.9154000043869018,0.7527999877929688,5_0118,10,7706
2004,4.699999809265137,1387.800048828125,15.600000381469727,0.9889999985694885,0.7527999877929688,5_0118,11,8727
2005,4.699999809265137,1012.7999877929688,16.100000381469727,0.9444000124931335,0.7527999877929688,5_0118,12,9779
2006,4.699999809265137,1342.0999755859375,16.100000381469727,0.9882000029087067,0.7527999877929688,5_0118,13,10862
2007,4.699999809265137,1266.5999755859375,16.0,1.0319999933242798,0.7527999877929688,5_0118,14,11978
2008,4.699999809265137,1264.199951171875,14.5,1.0197999954223633,0.7527999877929688,5_0118,15,13121
1995,4.699999809265137,935.5,15.699999809265137,0.7483999967575073,0.7483999967575073,5_0119,2,639
1996,4.699999809265137,1141.699951171875,15.100000381469727,0.7690000057220459,0.7483999967575073,5_0119,3,1381
1997,4.699999809265137,1217.9000244140625,15.399999618530273,0.7896000146865845,0.7483999967575073,5_0119,4,2172
1998,4.699999809265137,1196.5999755859375,17.299999237060547,0.9826500117778778,0.7483999967575073,5_0119,5,3063
1999,4.699999809265137,884.2000122070312,16.700000762939453,1.1757000088691711,0.7483999967575073,5_0119,6,3950
2000,4.699999809265137,1057.800048828125,15.800000190734863,1.3687500059604645,0.7483999967575073,5_0119,7,4884
2001,4.699999809265137,1293.800048828125,16.100000381469727,1.5618000030517578,0.7483999967575073,5_0119,8,5904
2002,4.699999809265137,1353.800048828125,15.600000381469727,1.5378000020980835,0.7483999967575073,5_0119,9,6715
2003,4.699999809265137,1425.300048828125,15.100000381469727,1.7459999799728394,0.7483999967575073,5_0119,10,7706
2004,4.699999809265137,1387.800048828125,15.600000381469727,1.9843999862670898,0.7483999967575073,5_0119,11,8727
1995,4.099999904632568,935.5,15.699999809265137,0.8414000034332275,0.8414000034332275,5_0120,2,639
1996,4.099999904632568,1141.699951171875,15.100000381469727,0.8569999992847442,0.8414000034332275,5_0120,3,1381
1997,4.099999904632568,1217.9000244140625,15.399999618530273,0.872599995136261,0.8414000034332275,5_0120,4,2172
1998,4.099999904632568,1196.5999755859375,17.299999237060547,1.028949996829033,0.8414000034332275,5_0120,5,3063
1999,4.099999904632568,884.2000122070312,16.700000762939453,1.185299998521805,0.8414000034332275,5_0120,6,3950
2000,4.099999904632568,1057.800048828125,15.800000190734863,1.3416500002145768,0.8414000034332275,5_0120,7,4884
2001,4.099999904632568,1293.800048828125,16.100000381469727,1.4980000019073487,0.8414000034332275,5_0120,8,5904
2002,4.099999904632568,1353.800048828125,15.600000381469727,1.4046000242233276,0.8414000034332275,5_0120,9,6715
2003,4.099999904632568,1425.300048828125,15.100000381469727,1.6627999782562255,0.8414000034332275,5_0120,10,7706
2004,4.099999904632568,1387.800048828125,15.600000381469727,1.9244000434875488,0.8414000034332275,5_0120,11,8727
1995,4.800000190734863,935.5,15.699999809265137,0.798199999332428,0.798199999332428,5_0121,2,639
1996,4.800000190734863,1141.699951171875,15.100000381469727,0.8196666657924653,0.798199999332428,5_0121,3,1381
1997,4.800000190734863,1217.9000244140625,15.399999618530273,0.8411333322525024,0.798199999332428,5_0121,4,2172
1998,4.800000190734863,1196.5999755859375,17.299999237060547,0.8625999987125397,0.798199999332428,5_0121,5,3063
1999,4.800000190734863,884.2000122070312,16.700000762939453,0.8840666651725769,0.798199999332428,5_0121,6,3950
2000,4.800000190734863,1057.800048828125,15.800000190734863,0.9055333316326141,0.798199999332428,5_0121,7,4884
2001,4.800000190734863,1293.800048828125,16.100000381469727,0.9269999980926513,0.798199999332428,5_0121,8,5904
2002,4.800000190734863,1353.800048828125,15.600000381469727,0.9435999989509583,0.798199999332428,5_0121,9,6715
2003,4.800000190734863,1425.300048828125,15.100000381469727,1.1028000354766845,0.798199999332428,5_0121,10,7706
2004,4.800000190734863,1387.800048828125,15.600000381469727,1.134599995613098,0.798199999332428,5_0121,11,8727
1995,4.199999809265137,935.5,15.699999809265137,0.7151999950408936,0.7151999950408936,5_0122,2,639
1996,4.199999809265137,1141.699951171875,15.100000381469727,0.7274999976158143,0.7151999950408936,5_0122,3,1381
1997,4.199999809265137,1217.9000244140625,15.399999618530273,0.7398000001907349,0.7151999950408936,5_0122,4,2172
1998,4.199999809265137,1196.5999755859375,17.299999237060547,0.7912499994039536,0.7151999950408936,5_0122,5,3063
1999,4.199999809265137,884.2000122070312,16.700000762939453,0.8426999986171723,0.7151999950408936,5_0122,6,3950
2000,4.199999809265137,1057.800048828125,15.800000190734863,0.894149997830391,0.7151999950408936,5_0122,7,4884
2001,4.199999809265137,1293.800048828125,16.100000381469727,0.9455999970436096,0.7151999950408936,5_0122,8,5904
2002,4.199999809265137,1353.800048828125,15.600000381469727,0.9286000013351441,0.7151999950408936,5_0122,9,6715
2003,4.199999809265137,1425.300048828125,15.100000381469727,0.9906000018119812,0.7151999950408936,5_0122,10,7706
2004,4.199999809265137,1387.800048828125,15.600000381469727,0.9576000094413757,0.7151999950408936,5_0122,11,8727
2005,4.199999809265137,1012.7999877929688,16.100000381469727,1.0262000203132629,0.7151999950408936,5_0122,12,9779
2006,4.199999809265137,1342.0999755859375,16.100000381469727,1.0857999980449677,0.7151999950408936,5_0122,13,10862
2007,4.199999809265137,1266.5999755859375,16.0,1.1453999757766724,0.7151999950408936,5_0122,14,11978
2008,4.199999809265137,1264.199951171875,14.5,1.101800000667572,0.7151999950408936,5_0122,15,13121
1995,6.699999809265137,935.5,15.699999809265137,0.7546000123023987,0.7546000123023987,5_0123,2,639
1996,6.699999809265137,1141.699951171875,15.100000381469727,0.7489000082015991,0.7546000123023987,5_0123,3,1381
1997,6.699999809265137,1217.9000244140625,15.399999618530273,0.7432000041007996,0.7546000123023987,5_0123,4,2172
1998,6.699999809265137,1196.5999755859375,17.299999237060547,0.785300001502037,0.7546000123023987,5_0123,5,3063
1999,6.699999809265137,884.2000122070312,16.700000762939453,0.8273999989032745,0.7546000123023987,5_0123,6,3950
2000,6.699999809265137,1057.800048828125,15.800000190734863,0.869499996304512,0.7546000123023987,5_0123,7,4884
2001,6.699999809265137,1293.800048828125,16.100000381469727,0.9115999937057495,0.7546000123023987,5_0123,8,5904
2002,6.699999809265137,1353.800048828125,15.600000381469727,0.9454000115394592,0.7546000123023987,5_0123,9,6715
2003,6.699999809265137,1425.300048828125,15.100000381469727,0.9868000030517579,0.7546000123023987,5_0123,10,7706
2004,6.699999809265137,1387.800048828125,15.600000381469727,0.9565999984741211,0.7546000123023987,5_0123,11,8727
2005,6.699999809265137,1012.7999877929688,16.100000381469727,1.018399977684021,0.7546000123023987,5_0123,12,9779
2006,6.699999809265137,1342.0999755859375,16.100000381469727,1.0381999850273131,0.7546000123023987,5_0123,13,10862
2007,6.699999809265137,1266.5999755859375,16.0,1.0579999923706054,0.7546000123023987,5_0123,14,11978
2008,6.699999809265137,1264.199951171875,14.5,0.9366000056266784,0.7546000123023987,5_0123,15,13121
1995,7.5,935.5,15.699999809265137,0.7888000130653381,0.7888000130653381,5_0124,2,639
1996,7.5,1141.699951171875,15.100000381469727,0.7927000105381012,0.7888000130653381,5_0124,3,1381
1997,7.5,1217.9000244140625,15.399999618530273,0.7966000080108643,0.7888000130653381,5_0124,4,2172
1998,7.5,1196.5999755859375,17.299999237060547,0.8842000007629395,0.7888000130653381,5_0124,5,3063
1999,7.5,884.2000122070312,16.700000762939453,0.9717999935150146,0.7888000130653381,5_0124,6,3950
2000,7.5,1057.800048828125,15.800000190734863,1.0593999862670898,0.7888000130653381,5_0124,7,4884
2001,7.5,1293.800048828125,16.100000381469727,1.146999979019165,0.7888000130653381,5_0124,8,5904
2002,7.5,1353.800048828125,15.600000381469727,0.9547999858856201,0.7888000130653381,5_0124,9,6715
2003,7.5,1425.300048828125,15.100000381469727,1.1164000034332275,0.7888000130653381,5_0124,10,7706
2004,7.5,1387.800048828125,15.600000381469727,1.0900000095367433,0.7888000130653381,5_0124,11,8727
2005,7.5,1012.7999877929688,16.100000381469727,1.1676000118255616,0.7888000130653381,5_0124,12,9779
2006,7.5,1342.0999755859375,16.100000381469727,1.169000005722046,0.7888000130653381,5_0124,13,10862
2007,7.5,1266.5999755859375,16.0,1.1703999996185304,0.7888000130653381,5_0124,14,11978
2008,7.5,1264.199951171875,14.5,0.9932000279426575,0.7888000130653381,5_0124,15,13121
1998,2.799999952316284,1144.5,18.5,1.1369999885559081,1.1369999885559081,5_0803,1,1
1999,2.799999952316284,1027.9000244140625,18.0,1.105399990081787,1.1369999885559081,5_0803,2,2
2000,2.799999952316284,1072.800048828125,17.200000762939453,1.073799991607666,1.1369999885559081,5_0803,3,3
2001,2.799999952316284,1446.5,17.200000762939453,1.1228999972343443,1.1369999885559081,5_0803,4,4
2002,2.799999952316284,1421.699951171875,17.299999237060547,1.172000002861023,1.1369999885559081,5_0803,5,5
2003,2.799999952316284,1050.9000244140625,16.700000762939453,1.059600019454956,1.1369999885559081,5_0803,6,6
2004,2.799999952316284,1631.300048828125,17.399999618530273,1.0986000061035157,1.1369999885559081,5_0803,7,7
2005,2.799999952316284,965.7000122070312,18.0,1.0898000001907349,1.1369999885559081,5_0803,8,296
2006,2.799999952316284,1177.0999755859375,18.0,1.1046000003814698,1.1369999885559081,5_0803,9,1151
2007,2.799999952316284,1449.0999755859375,17.899999618530273,1.0998000144958495,1.1369999885559081,5_0803,10,1152
2008,2.799999952316284,1591.4000244140625,16.899999618530273,1.1498666763305663,1.1369999885559081,5_0803,11,1154
2009,2.799999952316284,2245.699951171875,16.700000762939453,1.1999333381652832,1.1369999885559081,5_0803,12,1156
2010,2.799999952316284,824.0,17.600000381469727,1.25,1.1369999885559081,5_0803,13,1158
2011,2.799999952316284,1298.0,17.799999237060547,1.1211999893188476,1.1369999885559081,5_0803,14,1160
2012,2.799999952316284,1296.0999755859375,18.5,1.116600012779236,1.1369999885559081,5_0803,15,1162
2013,2.799999952316284,1359.800048828125,16.700000762939453,1.112000036239624,1.1369999885559081,5_0803,16,1164
2014,2.799999952316284,1097.699951171875,16.0,1.1325000286102296,1.1369999885559081,5_0803,17,1166
2015,2.799999952316284,1368.199951171875,17.5,1.1530000209808349,1.1369999885559081,5_0803,18,1168
2016,2.799999952316284,1388.0999755859375,18.100000381469727,1.1735000133514404,1.1369999885559081,5_0803,19,1170
2017,2.799999952316284,1336.300048828125,18.0,1.1952444526884292,1.1369999885559081,5_0803,20,1172
2018,2.799999952316284,2021.9000244140625,17.299999237060547,1.2169888920254177,1.1369999885559081,5_0803,21,1174
2019,2.799999952316284,1684.699951171875,17.299999237060547,1.2387333313624065,1.1369999885559081,5_0803,22,1176
2020,2.799999952316284,1687.4000244140625,17.200000762939453,1.261688878801134,1.1369999885559081,5_0803,23,1178
2021,2.799999952316284,1216.5999755859375,17.799999237060547,1.2846444262398613,1.1369999885559081,5_0803,24,1180
2022,2.799999952316284,1274.5999755859375,17.799999237060547,1.3075999736785888,1.1369999885559081,5_0803,25,1182
1998,4.699999809265137,1144.5,18.5,1.3869999885559081,1.3869999885559081,5_0804,1,1
1999,4.699999809265137,1027.9000244140625,18.0,1.2675999879837034,1.3869999885559081,5_0804,2,2
2000,4.699999809265137,1072.800048828125,17.200000762939453,1.148199987411499,1.3869999885559081,5_0804,3,3
2001,4.699999809265137,1446.5,17.200000762939453,1.244599997997284,1.3869999885559081,5_0804,4,4
2002,4.699999809265137,1421.699951171875,17.299999237060547,1.341000008583069,1.3869999885559081,5_0804,5,5
2003,4.699999809265137,1050.9000244140625,16.700000762939453,1.0923999786376952,1.3869999885559081,5_0804,6,6
2004,4.699999809265137,1631.300048828125,17.399999618530273,1.156599998474121,1.3869999885559081,5_0804,7,7
2005,4.699999809265137,965.7000122070312,18.0,1.1391999959945678,1.3869999885559081,5_0804,8,296
2006,4.699999809265137,1177.0999755859375,18.0,1.1414000034332275,1.3869999885559081,5_0804,9,1151
2007,4.699999809265137,1449.0999755859375,17.899999618530273,1.1513999938964843,1.3869999885559081,5_0804,10,1152
2008,4.699999809265137,1591.4000244140625,16.899999618530273,1.2049333333969117,1.3869999885559081,5_0804,11,1154
2009,4.699999809265137,2245.699951171875,16.700000762939453,1.2584666728973388,1.3869999885559081,5_0804,12,1156
2010,4.699999809265137,824.0,17.600000381469727,1.3120000123977662,1.3869999885559081,5_0804,13,1158
2011,4.699999809265137,1298.0,17.799999237060547,1.1912000179290771,1.3869999885559081,5_0804,14,1160
2012,4.699999809265137,1296.0999755859375,18.5,1.1736000061035157,1.3869999885559081,5_0804,15,1162
2013,4.699999809265137,1359.800048828125,16.700000762939453,1.1559999942779542,1.3869999885559081,5_0804,16,1164
2014,4.699999809265137,1097.699951171875,16.0,1.2034833292166394,1.3869999885559081,5_0804,17,1166
2015,4.699999809265137,1368.199951171875,17.5,1.2509666641553243,1.3869999885559081,5_0804,18,1168
2016,4.699999809265137,1388.0999755859375,18.100000381469727,1.2984499990940095,1.3869999885559081,5_0804,19,1170
2017,4.699999809265137,1336.300048828125,18.0,1.3372111068831551,1.3869999885559081,5_0804,20,1172
2018,4.699999809265137,2021.9000244140625,17.299999237060547,1.3759722146723006,1.3869999885559081,5_0804,21,1174
2019,4.699999809265137,1684.699951171875,17.299999237060547,1.4147333224614462,1.3869999885559081,5_0804,22,1176
2020,4.699999809265137,1687.4000244140625,17.200000762939453,1.4387555493248834,1.3869999885559081,5_0804,23,1178
2021,4.699999809265137,1216.5999755859375,17.799999237060547,1.4627777761883207,1.3869999885559081,5_0804,24,1180
2022,4.699999809265137,1274.5999755859375,17.799999237060547,1.4868000030517579,1.3869999885559081,5_0804,25,1182
1990,4.099999904632568,1851.699951171875,17.799999237060547,2.8682000160217287,2.8682000160217287,5_2042,18,157
1991,4.099999904632568,2162.199951171875,17.0,2.977199983596802,2.8682000160217287,5_2042,19,317
1992,4.099999904632568,1375.0,16.200000762939453,3.2375999927520756,2.8682000160217287,5_2042,20,443
1993,4.099999904632568,1180.699951171875,16.0,3.4980000019073487,2.8682000160217287,5_2042,21,614
1994,4.099999904632568,1719.699951171875,16.600000381469727,1.0633999824523925,2.8682000160217287,5_2042,22,912
1995,4.099999904632568,1150.0,16.899999618530273,1.0867999792099,2.8682000160217287,5_2042,23,1143
1996,4.099999904632568,1511.0999755859375,16.5,1.110199975967407,2.8682000160217287,5_2042,24,1302
1997,4.099999904632568,1665.199951171875,16.299999237060547,1.1335999727249144,2.8682000160217287,5_2042,25,1537
1998,4.099999904632568,1171.5,18.0,1.1569999694824218,2.8682000160217287,5_2042,26,1866
1999,4.099999904632568,1219.300048828125,17.399999618530273,1.1533999800682069,2.8682000160217287,5_2042,27,2100
2000,4.099999904632568,1367.4000244140625,17.0,1.1497999906539917,2.8682000160217287,5_2042,28,2387
2001,4.099999904632568,1850.0999755859375,16.899999618530273,1.1573333183924357,2.8682000160217287,5_2042,29,2645
2002,4.099999904632568,1403.0999755859375,17.0,1.1648666461308799,2.8682000160217287,5_2042,30,3005
2003,4.099999904632568,1074.0999755859375,16.700000762939453,1.1723999738693238,2.8682000160217287,5_2042,31,3286
2004,4.099999904632568,1897.5,17.200000762939453,1.2258999943733215,2.8682000160217287,5_2042,32,3575
2005,4.099999904632568,983.0999755859375,17.799999237060547,1.2794000148773192,2.8682000160217287,5_2042,33,3873
1990,4.199999809265137,1527.4000244140625,17.399999618530273,1.6401999950408936,1.6401999950408936,5_3048,9,77
1991,4.199999809265137,1853.699951171875,17.0,1.6616000175476073,1.6401999950408936,5_3048,10,158
1992,4.199999809265137,1293.4000244140625,16.299999237060547,1.6753000020980835,1.6401999950408936,5_3048,11,240
1993,4.199999809265137,1305.199951171875,16.100000381469727,1.6889999866485597,1.6401999950408936,5_3048,12,327
1994,4.199999809265137,1465.699951171875,16.600000381469727,1.673799991607666,1.6401999950408936,5_3048,13,419
1995,4.199999809265137,1087.300048828125,16.600000381469727,1.7629999935626983,1.6401999950408936,5_3048,14,511
1996,4.199999809265137,1389.0,16.399999618530273,1.8521999955177306,1.6401999950408936,5_3048,15,597
1997,4.199999809265137,1755.9000244140625,16.200000762939453,1.941399997472763,1.6401999950408936,5_3048,16,714
1998,4.199999809265137,1167.9000244140625,18.200000762939453,2.0305999994277952,1.6401999950408936,5_3048,17,768
1999,4.199999809265137,1241.4000244140625,17.5,2.3098000049591065,1.6401999950408936,5_3048,18,919
2000,4.199999809265137,994.7999877929688,17.0,2.5890000104904174,1.6401999950408936,5_3048,19,1066
2001,4.199999809265137,1652.300048828125,16.899999618530273,2.8682000160217287,1.6401999950408936,5_3048,20,1259
2002,4.199999809265137,1350.699951171875,16.799999237060547,3.2058000326156617,1.6401999950408936,5_3048,21,1403
2003,4.199999809265137,1547.5,16.600000381469727,3.5434000492095947,1.6401999950408936,5_3048,22,1556
2004,4.199999809265137,1679.300048828125,16.899999618530273,3.7579999923706056,1.6401999950408936,5_3048,23,1680
1990,4.800000190734863,1739.199951171875,16.700000762939453,0.7898000001907348,0.7898000001907348,5_3058,0,330
1991,4.800000190734863,1445.9000244140625,16.399999618530273,0.8370000004768372,0.7898000001907348,5_3058,1,595
1992,4.800000190734863,1150.5999755859375,15.600000381469727,0.8347000002861023,0.7898000001907348,5_3058,2,945
1993,4.800000190734863,1195.699951171875,15.199999809265137,0.8324000000953674,0.7898000001907348,5_3058,3,1248
1994,4.800000190734863,1239.800048828125,15.699999809265137,0.9021999955177307,0.7898000001907348,5_3058,4,1681
1995,4.800000190734863,943.5999755859375,15.699999809265137,0.971999990940094,0.7898000001907348,5_3058,5,2344
1996,4.800000190734863,1166.0999755859375,15.100000381469727,0.8546999990940094,0.7898000001907348,5_3058,6,3059
1997,4.800000190734863,1227.199951171875,15.399999618530273,0.7374000072479248,0.7898000001907348,5_3058,7,3861
1998,4.800000190734863,1198.5999755859375,17.299999237060547,0.7579000055789947,0.7898000001907348,5_3058,8,4991
1999,4.800000190734863,865.2000122070312,16.600000381469727,0.7784000039100647,0.7898000001907348,5_3058,9,5786
2000,4.800000190734863,1068.0,15.800000190734863,0.7989000022411347,0.7898000001907348,5_3058,10,6605
2001,4.800000190734863,1348.4000244140625,16.100000381469727,0.8194000005722046,0.7898000001907348,5_3058,11,7570
2002,4.800000190734863,1373.300048828125,15.600000381469727,0.9213000059127808,0.7898000001907348,5_3058,12,8726
2003,4.800000190734863,1459.699951171875,15.0,1.023200011253357,0.7898000001907348,5_3058,13,9747
2004,4.800000190734863,1441.199951171875,15.5,1.0850000023841857,0.7898000001907348,5_3058,14,10789
2005,4.800000190734863,1046.5999755859375,16.100000381469727,1.1467999935150146,0.7898000001907348,5_3058,15,11939
1990,5.5,1759.699951171875,14.600000381469727,0.589799988269806,0.589799988269806,5_3071,3,960
1991,5.5,1123.4000244140625,14.5,0.5940000057220459,0.589799988269806,5_3071,4,1972
1992,5.5,1275.4000244140625,13.699999809265137,0.619900006055832,0.589799988269806,5_3071,5,2968
1993,5.5,1521.5999755859375,13.0,0.6458000063896179,0.589799988269806,5_3071,6,4056
1994,5.5,1150.300048828125,14.0,0.7055999994277954,0.589799988269806,5_3071,7,5228
1995,5.5,1156.300048828125,13.800000190734863,0.7360000014305115,0.589799988269806,5_3071,8,6618
1996,5.5,1162.199951171875,13.199999809265137,0.7664000034332276,0.589799988269806,5_3071,9,7984
1997,5.5,1176.4000244140625,13.199999809265137,0.7968000054359436,0.589799988269806,5_3071,10,9648
1998,5.5,1112.199951171875,15.399999618530273,0.8069999992847443,0.589799988269806,5_3071,11,11207
1999,5.5,1280.0,14.899999618530273,0.817199993133545,0.589799988269806,5_3071,12,12532
2000,5.5,1169.699951171875,14.100000381469727,0.82950000166893,0.589799988269806,5_3071,13,13897
2001,5.5,1167.0,14.399999618530273,0.8418000102043152,0.589799988269806,5_3071,14,15303
2002,5.5,1100.199951171875,13.899999618530273,0.9142500013113022,0.589799988269806,5_3071,15,16751
2003,5.5,969.7999877929688,14.0,0.9866999924182892,0.589799988269806,5_3071,16,18243
2004,5.5,1260.300048828125,14.300000190734863,0.9868000030517579,0.589799988269806,5_3071,17,19780
1990,5.699999809265137,1759.699951171875,14.600000381469727,0.4670000016689301,0.4670000016689301,5_A310,3,960
1991,5.699999809265137,1123.4000244140625,14.5,0.650933333237966,0.4670000016689301,5_A310,4,1972
1992,5.699999809265137,1275.4000244140625,13.699999809265137,0.8348666648070018,0.4670000016689301,5_A310,5,2968
1993,5.699999809265137,1521.5999755859375,13.0,1.0187999963760377,0.4670000016689301,5_A310,6,4056
1994,5.699999809265137,1150.300048828125,14.0,1.0526000022888184,0.4670000016689301,5_A310,7,5228
1995,5.699999809265137,1156.300048828125,13.800000190734863,1.0125333309173585,0.4670000016689301,5_A310,8,6618
1996,5.699999809265137,1162.199951171875,13.199999809265137,0.9724666595458985,0.4670000016689301,5_A310,9,7984
1997,5.699999809265137,1176.4000244140625,13.199999809265137,0.9323999881744385,0.4670000016689301,5_A310,10,9233
1998,5.699999809265137,1112.199951171875,15.399999618530273,0.9779999852180481,0.4670000016689301,5_A310,11,10792
1999,5.699999809265137,1280.0,14.899999618530273,1.0235999822616577,0.4670000016689301,5_A310,12,12117
2000,5.699999809265137,1169.699951171875,14.100000381469727,1.0169499844312668,0.4670000016689301,5_A310,13,13482
2001,5.699999809265137,1167.0,14.399999618530273,1.010299986600876,0.4670000016689301,5_A310,14,14888
2002,5.699999809265137,1100.199951171875,13.899999618530273,1.0036499887704848,0.4670000016689301,5_A310,15,16336
2003,5.699999809265137,969.7999877929688,14.0,0.996999990940094,0.4670000016689301,5_A310,16,17828
2004,5.699999809265137,1260.300048828125,14.300000190734863,0.9692000031471253,0.4670000016689301,5_A310,17,19365
1990,5.400000095367432,1759.699951171875,14.600000381469727,0.6879999995231628,0.6879999995231628,5_A320,3,960
1991,5.400000095367432,1123.4000244140625,14.5,0.8825999975204468,0.6879999995231628,5_A320,4,1972
1992,5.400000095367432,1275.4000244140625,13.699999809265137,0.8998999953269959,0.6879999995231628,5_A320,5,2968
1993,5.400000095367432,1521.5999755859375,13.0,0.9171999931335449,0.6879999995231628,5_A320,6,4056
1994,5.400000095367432,1150.300048828125,14.0,0.9080499947071076,0.6879999995231628,5_A320,7,5228
1995,5.400000095367432,1156.300048828125,13.800000190734863,0.8988999962806702,0.6879999995231628,5_A320,8,6618
1996,5.400000095367432,1162.199951171875,13.199999809265137,0.8897499978542328,0.6879999995231628,5_A320,9,7984
1997,5.400000095367432,1176.4000244140625,13.199999809265137,0.8805999994277954,0.6879999995231628,5_A320,10,9233
1998,5.400000095367432,1112.199951171875,15.399999618530273,0.9047000050544739,0.6879999995231628,5_A320,11,10792
1999,5.400000095367432,1280.0,14.899999618530273,0.9288000106811524,0.6879999995231628,5_A320,12,12117
2000,5.400000095367432,1169.699951171875,14.100000381469727,0.985450005531311,0.6879999995231628,5_A320,13,13482
2001,5.400000095367432,1167.0,14.399999618530273,1.0421000003814698,0.6879999995231628,5_A320,14,14888
2002,5.400000095367432,1100.199951171875,13.899999618530273,1.0987499952316284,0.6879999995231628,5_A320,15,16336
2003,5.400000095367432,969.7999877929688,14.0,1.155399990081787,0.6879999995231628,5_A320,16,17828
2004,5.400000095367432,1260.300048828125,14.300000190734863,1.2185999870300293,0.6879999995231628,5_A320,17,19365
1990,5.400000095367432,1759.699951171875,14.600000381469727,0.6160000085830688,0.6160000085830688,5_A350,3,960
1991,5.400000095367432,1123.4000244140625,14.5,0.7535999894142151,0.6160000085830688,5_A350,4,1972
1992,5.400000095367432,1275.4000244140625,13.699999809265137,0.745200002193451,0.6160000085830688,5_A350,5,2968
1993,5.400000095367432,1521.5999755859375,13.0,0.7368000149726868,0.6160000085830688,5_A350,6,4056
1994,5.400000095367432,1150.300048828125,14.0,0.7509999871253967,0.6160000085830688,5_A350,7,5228
1995,5.400000095367432,1156.300048828125,13.800000190734863,0.7195333321889241,0.6160000085830688,5_A350,8,6618
1996,5.400000095367432,1162.199951171875,13.199999809265137,0.6880666772524516,0.6160000085830688,5_A350,9,7984
1997,5.400000095367432,1176.4000244140625,13.199999809265137,0.656600022315979,0.6160000085830688,5_A350,10,9233
1998,5.400000095367432,1112.199951171875,15.399999618530273,0.6870000123977662,0.6160000085830688,5_A350,11,10792
1999,5.400000095367432,1280.0,14.899999618530273,0.7174000024795533,0.6160000085830688,5_A350,12,12117
2000,5.400000095367432,1169.699951171875,14.100000381469727,0.7390500009059906,0.6160000085830688,5_A350,13,13482
2001,5.400000095367432,1167.0,14.399999618530273,0.7606999993324279,0.6160000085830688,5_A350,14,14888
2002,5.400000095367432,1100.199951171875,13.899999618530273,0.7823499977588654,0.6160000085830688,5_A350,15,16336
2003,5.400000095367432,969.7999877929688,14.0,0.8039999961853027,0.6160000085830688,5_A350,16,17828
2004,5.400000095367432,1260.300048828125,14.300000190734863,0.7796000123023987,0.6160000085830688,5_A350,17,19365
